FECHA,1A_AAPL_*,1A_ADAP_*,1A_ADBE_*,1A_ADSK_*,1A_AMZN_*,1A_ANSS_*,1A_ATHM_N,1A_ATVI_*,1A_AVGO_*,1A_BABA_N,1A_BIDU_N,1A_BITA_N,1A_BKNG_*,1A_CHKP_N,1A_COF_*,1A_CRM_*,1A_CTL_*,1A_CTXS_*,1A_DIS_*,1A_DSY_N,1A_EA_*,1A_FB_*,1A_FIS_*,1A_FISV_*,1A_GDS_N,1A_GOOGL_*,1A_JD_N,1A_MBT_N,1A_MOMO_N,1A_MSFT_*,1A_MTCH_*,1A_NFLX_*,1A_NOWW_*,1A_NTDOY_N,1A_NTES_N,1A_PAYC_*,1A_PRSP_*,1A_PTC_*,1A_PYPL_*,1A_SAP_N,1A_SHOP_N,1A_SINA_N,1A_SYF_*,1A_TCEHY_N,1A_TENCH_N,1A_TSU_N,1A_TYL_*,1A_V_*,1A_VIPS_N,1A_VOD_N,1A_WB_N,1A_WNS_N,1A_WPP_N,1A_ZAL_N
1/2/2019,157.92,130.14,224.57,128.96,1539.13,143.01,76.28,47.03,253.51,136.70,162.25,20.79,1721.70,103.50,77.26,135.55,15.44,102.21,108.97,116.67,80.37,135.68,101.43,72.21,22.37,1054.68,21.27,7.29,24.83,101.12,42.38,267.66,178.32,268.19,229.74,119.70,17.34,81.92,85.75,99.18,137.60,54.75,24.27,39.51,39.13,16.10,182.24,132.92,5.45,19.72,58.94,41.10,10.72,26.26
1/3/2019,142.19,126.21,215.70,121.85,1500.28,137.64,74.47,45.36,230.96,130.60,154.71,20.00,1663.12,102.35,76.16,130.40,15.51,100.74,106.33,109.67,78.71,131.74,98.31,70.11,20.90,1025.47,20.35,7.26,24.03,97.40,41.12,271.20,169.12,271.78,220.90,116.50,17.30,78.16,82.09,95.46,129.79,53.30,24.09,38.39,38.95,15.81,176.63,128.13,5.28,19.64,55.97,39.51,10.64,27.74
1/4/2019,148.26,131.24,226.19,128.28,1575.39,143.66,77.83,47.17,233.23,139.75,160.95,20.61,1717.55,105.35,79.54,137.96,15.95,102.64,109.61,114.06,84.42,137.95,101.78,73.22,23.06,1078.07,22.27,7.65,25.41,101.93,43.05,297.57,179.23,258.34,229.75,121.02,18.15,81.59,86.27,98.74,138.06,57.68,25.24,40.62,39.64,16.05,180.16,133.65,5.67,20.03,61.23,41.68,10.86,28.13
1/7/2019,147.93,130.53,229.26,132.72,1629.51,147.32,78.27,48.50,237.98,143.10,162.60,20.80,1711.82,104.87,79.98,142.22,16.30,103.05,110.56,117.09,87.59,138.05,102.42,73.07,24.36,1075.92,22.76,7.85,26.22,102.06,43.37,315.34,186.67,273.19,239.49,124.11,18.44,82.51,86.93,99.71,144.39,59.64,25.37,40.90,40.54,16.46,182.84,136.06,5.91,20.18,62.63,42.58,11.06,30.13
1/8/2019,150.75,131.30,232.68,133.87,1656.58,148.05,77.22,49.97,236.07,146.79,163.40,20.10,1686.92,107.57,80.02,145.72,16.72,103.85,111.42,118.42,89.02,142.53,103.19,73.55,25.01,1085.37,22.95,7.95,26.60,102.80,44.78,320.27,188.11,276.32,242.41,127.14,18.66,84.10,88.70,101.27,145.44,57.85,25.42,40.76,40.26,17.20,185.11,136.80,6.05,19.72,59.08,43.59,11.12,30.74
1/9/2019,153.31,131.42,235.43,136.77,1659.42,150.64,81.65,50.83,246.28,151.92,166.64,20.43,1649.49,107.50,80.57,145.99,16.17,104.82,112.67,122.54,88.91,144.23,102.70,73.32,26.34,1081.65,23.69,7.97,27.15,104.27,45.01,319.96,190.47,283.84,258.44,128.47,18.63,85.71,89.55,102.65,148.62,60.14,25.99,42.33,41.80,17.55,185.44,138.41,6.16,19.51,60.64,44.34,11.27,31.40
1/10/2019,153.80,132.46,237.77,136.71,1656.22,152.60,82.59,51.35,249.52,151.69,168.35,20.22,1677.33,107.82,79.95,147.04,16.00,105.85,112.80,123.55,91.01,144.20,103.83,74.38,27.01,1078.83,23.40,7.98,27.00,103.60,45.04,324.66,190.00,274.80,255.15,128.61,18.87,86.67,90.70,103.34,148.27,59.96,25.75,42.45,41.97,16.76,185.46,138.67,5.93,19.58,59.59,45.00,11.22,31.57
1/11/2019,152.29,131.65,237.55,136.74,1640.56,154.75,78.31,46.54,250.57,151.32,166.11,19.90,1665.89,105.39,80.94,147.55,16.27,106.14,112.65,122.61,90.70,143.80,103.53,74.10,27.53,1064.47,22.88,7.98,26.98,102.80,44.69,337.59,191.69,279.55,243.42,127.30,18.91,86.41,90.65,101.98,149.43,58.70,26.02,42.11,42.25,16.69,183.96,138.06,5.99,19.70,57.12,44.95,11.30,30.91
1/14/2019,150.00,130.90,234.56,134.75,1617.21,153.60,67.49,47.29,250.87,149.27,163.03,19.48,1692.88,104.30,81.40,146.05,16.22,106.00,112.42,121.59,88.58,145.39,103.66,73.88,26.62,1051.51,22.04,7.90,26.57,102.05,44.36,332.94,188.40,280.30,240.08,124.57,18.72,85.00,90.43,101.11,149.10,56.41,25.85,41.34,41.03,16.81,182.65,137.10,5.84,19.28,54.22,45.03,11.37,30.22
1/15/2019,153.07,132.33,242.36,135.88,1674.56,156.16,68.04,46.84,256.49,150.88,167.93,19.50,1698.31,105.90,81.52,149.19,16.19,107.42,111.76,122.00,89.49,148.95,104.71,75.04,27.91,1086.51,22.25,7.86,26.94,105.01,46.47,354.64,188.35,292.23,247.02,130.77,18.67,86.34,91.60,102.43,154.30,57.00,25.77,42.10,42.07,16.65,184.72,137.34,5.91,19.04,54.66,45.36,11.30,30.00
1/16/2019,154.94,132.76,241.95,135.30,1683.78,157.13,69.83,47.13,251.70,154.84,169.75,19.74,1680.57,104.43,83.62,148.54,15.99,107.05,110.91,122.70,89.92,147.54,103.67,72.57,28.84,1089.51,22.33,8.08,27.76,105.38,46.18,351.39,189.59,293.23,254.22,131.38,18.60,87.42,90.55,102.25,158.25,59.06,26.38,42.63,42.20,16.38,185.10,137.34,6.15,19.11,57.24,44.75,11.28,29.66
1/17/2019,155.86,132.94,244.40,136.50,1693.22,158.31,71.20,47.38,255.33,155.97,168.11,19.04,1724.51,105.95,83.65,149.82,15.34,107.07,111.01,123.68,89.31,148.30,104.21,74.50,28.93,1099.12,22.14,8.06,28.67,106.12,47.06,353.19,186.53,303.44,252.18,132.22,19.23,87.55,90.40,103.63,157.69,59.30,26.35,42.90,42.23,16.39,184.89,137.28,6.56,19.19,58.23,45.26,11.22,29.88
1/18/2019,156.82,135.18,247.51,141.73,1696.20,161.71,72.64,48.65,260.82,157.02,171.36,19.02,1760.26,106.84,84.97,152.51,15.83,108.74,111.04,127.01,92.52,150.04,105.84,77.82,28.83,1107.30,23.26,8.14,30.26,107.71,48.22,339.10,190.09,308.37,252.68,136.24,19.34,87.68,91.12,105.74,158.43,61.72,26.28,43.48,42.97,16.44,189.45,138.50,6.87,19.30,60.80,45.65,11.27,30.19
1/21/2019,156.82,135.18,247.51,141.73,1696.20,161.71,72.64,48.65,260.82,157.02,171.36,19.02,1760.26,106.84,84.97,152.51,15.83,108.74,111.04,126.88,92.52,150.04,105.84,77.82,28.83,1107.30,23.26,8.14,30.26,107.71,48.22,339.10,190.09,307.73,252.68,136.24,19.34,87.68,91.12,105.74,158.43,61.72,26.28,43.48,43.34,16.44,189.45,138.50,6.87,19.30,60.80,45.65,11.26,30.84
1/22/2019,153.30,133.17,243.85,139.06,1632.17,161.03,73.98,47.06,258.29,152.15,160.39,17.97,1708.98,106.66,83.40,148.95,15.39,108.25,110.60,125.22,91.31,147.57,105.34,78.19,27.14,1078.63,21.68,8.10,28.97,105.68,48.22,325.16,185.70,308.37,245.09,136.54,19.44,85.81,89.94,103.33,156.28,55.90,26.55,42.21,42.80,16.28,184.21,138.05,6.46,19.18,52.51,47.03,11.40,31.73
1/23/2019,153.92,134.42,245.14,137.49,1640.02,158.63,74.67,46.02,257.52,152.03,163.26,17.33,1744.31,107.40,78.20,149.75,15.21,108.66,111.12,125.80,89.13,144.30,105.89,80.59,26.85,1084.41,21.97,8.45,28.39,106.71,49.41,321.99,183.96,307.31,246.30,137.02,19.51,84.64,90.50,104.10,156.60,54.51,29.40,42.19,42.47,16.64,185.95,137.01,7.08,19.51,52.20,47.40,11.32,32.45
1/24/2019,152.70,134.75,242.56,136.05,1654.93,158.10,73.33,47.27,263.55,155.86,162.70,17.25,1795.67,107.35,80.18,146.87,14.71,101.86,110.55,125.01,91.48,145.83,105.16,82.79,28.24,1084.00,22.10,8.36,29.53,106.20,50.45,326.67,185.70,308.88,240.38,138.49,19.67,79.75,92.20,105.40,158.41,54.61,29.81,42.84,42.09,16.54,187.84,137.70,7.19,18.56,54.37,48.22,11.35,32.67
1/25/2019,157.76,136.41,244.95,142.08,1670.57,161.65,76.02,47.80,267.94,159.21,167.10,18.11,1802.20,107.99,79.62,149.74,14.99,102.65,111.09,127.33,91.74,149.01,105.43,85.07,26.49,1101.51,23.63,8.31,31.05,107.17,52.37,338.05,191.08,309.13,242.59,143.05,19.96,81.45,94.28,106.01,162.82,58.93,29.79,44.07,43.82,16.54,189.76,138.67,7.62,17.97,58.19,49.37,11.52,34.16
1/28/2019,156.30,135.50,241.85,140.77,1637.89,160.70,71.95,46.74,267.62,158.92,167.50,18.00,1813.60,109.64,79.48,147.33,15.09,101.98,110.81,124.17,90.47,147.47,104.29,85.21,26.01,1079.86,23.72,8.25,30.04,105.08,52.49,335.66,187.94,300.95,241.27,144.00,19.66,81.43,92.30,106.94,159.44,58.94,29.98,43.48,43.54,16.33,190.64,135.99,7.35,17.86,58.33,48.62,11.47,32.18
1/29/2019,154.68,134.00,238.27,140.16,1593.88,158.86,72.08,45.73,266.32,156.88,165.27,18.60,1808.80,110.76,79.56,145.18,15.00,101.19,110.90,125.30,87.24,144.19,103.59,83.63,25.50,1070.06,23.52,8.22,28.97,102.94,52.09,328.90,184.82,306.19,238.10,141.67,19.79,82.22,91.12,102.69,157.11,58.59,29.65,43.69,43.64,16.15,188.26,135.00,7.29,17.76,57.66,48.71,11.51,30.13
1/30/2019,165.25,139.41,242.67,146.00,1670.43,162.99,70.65,46.31,270.82,166.82,169.34,18.89,1818.70,110.93,80.88,149.16,14.98,101.56,110.13,126.35,89.23,150.42,105.52,84.66,26.99,1097.99,24.64,8.48,29.75,106.38,52.46,340.66,194.00,304.30,243.05,145.56,19.95,85.23,92.42,102.52,162.43,58.06,30.07,44.65,43.88,16.31,189.46,137.60,7.53,17.97,58.90,48.81,11.54,30.02
1/31/2019,166.44,139.84,247.82,147.20,1718.73,164.35,72.38,47.24,268.25,168.49,172.63,19.42,1832.81,111.92,80.59,151.97,15.32,102.54,111.52,125.72,92.24,166.69,104.53,82.93,28.40,1125.89,24.85,8.60,30.43,104.43,53.49,339.50,220.02,310.90,251.93,148.24,20.05,84.79,88.76,103.42,168.47,61.42,30.04,44.61,44.09,16.94,189.19,135.01,7.69,18.24,60.66,48.79,11.44,30.81
2/1/2019,166.52,141.62,247.38,149.07,1626.23,167.55,71.99,46.01,266.81,167.97,171.27,19.44,1836.96,112.57,80.88,155.87,15.25,103.79,111.30,125.73,91.22,165.71,107.20,82.92,28.24,1118.62,24.63,8.52,30.33,102.78,54.73,339.85,221.51,280.50,249.79,150.85,20.24,84.80,90.01,103.95,170.59,60.74,29.69,44.26,44.35,17.06,196.67,140.15,7.64,18.21,60.90,49.16,11.47,31.61
2/5/2019,174.18,145.29,254.82,152.42,1658.81,170.22,76.87,47.84,270.00,171.83,176.23,19.57,1902.26,115.37,80.86,158.99,14.58,106.08,112.66,133.15,92.52,171.16,109.90,85.11,28.65,1151.87,25.42,8.40,30.61,107.22,55.68,355.81,228.35,284.06,256.75,156.96,20.25,87.72,92.27,106.27,173.57,60.03,29.99,45.50,44.30,16.97,205.68,142.53,7.88,18.25,62.15,50.62,11.43,31.27
2/6/2019,174.24,145.54,254.35,152.28,1640.26,170.78,76.97,43.00,276.21,171.52,173.85,19.12,1906.93,115.90,80.14,158.13,14.35,105.60,111.41,146.03,80.21,170.49,109.70,84.61,28.07,1122.89,25.11,8.40,30.13,106.03,53.08,352.19,225.56,268.29,243.14,169.14,20.22,86.89,92.25,105.27,173.60,59.90,30.11,44.82,44.30,16.40,204.27,141.49,7.73,18.39,62.36,51.21,11.30,30.93
2/7/2019,170.94,145.68,253.74,150.56,1614.37,169.55,75.26,43.96,269.09,166.96,171.58,18.78,1877.06,115.79,79.03,154.93,14.12,105.12,110.95,145.40,84.10,166.38,108.67,84.01,27.10,1105.91,23.98,8.29,28.69,105.27,55.76,344.71,226.96,266.90,237.71,168.17,20.10,86.46,90.85,103.46,171.80,57.37,30.11,43.90,44.29,16.03,203.91,140.17,7.46,18.05,60.07,51.26,10.37,29.07
2/8/2019,170.41,146.81,257.00,154.31,1588.22,171.73,76.23,43.41,274.06,167.36,169.90,18.60,1871.09,116.26,77.83,156.67,14.21,105.43,111.51,143.75,97.60,167.33,109.00,85.70,27.59,1102.38,23.99,7.61,29.21,105.67,56.61,347.57,228.56,266.77,239.88,175.96,19.78,87.26,91.87,104.03,175.95,58.78,29.94,44.23,44.04,15.74,208.20,140.38,7.39,18.04,61.03,51.68,10.38,28.92
2/11/2019,169.43,147.51,258.39,154.57,1591.00,171.23,75.66,40.11,275.72,167.45,168.06,18.32,1865.00,116.65,78.04,159.91,14.11,105.04,109.44,144.14,97.24,165.79,109.10,84.56,27.50,1102.12,24.28,7.71,29.67,105.25,57.73,345.73,229.01,265.20,240.15,172.21,19.65,87.81,92.69,104.09,173.17,59.82,30.37,44.69,44.85,15.63,207.53,140.80,7.42,18.12,62.31,51.24,10.61,29.44
2/12/2019,170.89,149.50,261.37,159.54,1638.01,175.01,78.06,41.67,279.39,168.71,170.25,18.17,1895.29,119.09,79.79,162.79,14.55,105.44,109.20,142.65,102.33,165.04,106.55,84.38,28.38,1127.58,24.68,7.80,30.70,106.89,57.65,359.97,234.65,264.53,244.40,173.34,19.80,89.00,94.38,104.63,175.55,61.64,30.44,44.62,44.77,15.60,209.64,141.99,7.36,17.97,65.31,52.81,10.57,30.30
2/13/2019,170.18,150.46,260.23,160.03,1640.00,173.11,80.83,44.57,281.32,169.40,173.82,17.79,1919.97,118.04,79.99,160.40,14.70,105.01,110.20,143.87,102.25,164.07,106.79,84.39,28.93,1128.63,24.61,7.65,31.33,106.81,57.63,351.77,231.97,270.23,240.53,173.06,20.22,90.35,94.01,105.26,172.02,62.23,30.77,43.86,44.31,15.36,213.29,143.49,7.16,17.93,66.17,52.57,10.69,28.97
2/14/2019,170.80,148.15,260.14,159.94,1622.65,173.20,81.38,45.43,281.50,168.38,174.08,17.81,1902.33,119.32,79.61,159.47,12.78,106.20,110.66,143.28,105.25,163.95,106.30,84.35,28.31,1129.20,24.33,7.72,31.23,106.90,57.78,359.07,234.03,269.84,241.14,178.38,20.64,90.99,94.42,105.94,176.52,61.04,30.83,42.90,43.56,15.70,215.75,143.16,7.07,17.94,65.53,52.81,10.74,29.06
2/15/2019,170.42,149.67,259.45,160.35,1607.95,174.49,79.01,44.60,281.93,166.15,170.06,17.68,1933.57,120.10,81.57,159.05,13.74,106.49,112.59,144.98,106.84,162.50,108.93,85.78,28.88,1119.63,23.96,7.81,30.04,108.22,57.33,356.87,234.89,264.83,227.62,182.47,21.09,91.93,94.91,106.82,178.19,60.40,31.75,42.87,42.53,16.07,216.04,144.91,7.00,18.26,64.28,53.43,10.91,29.19
2/18/2019,170.42,149.67,259.45,160.35,1607.95,174.49,79.01,44.60,281.93,166.15,170.06,17.68,1933.57,120.10,81.57,159.05,13.74,106.49,112.59,145.31,106.84,162.50,108.93,85.78,28.88,1119.63,23.96,7.81,30.04,108.22,57.33,356.87,234.89,268.31,227.62,182.47,21.09,91.93,94.91,106.82,178.19,60.40,31.75,42.87,43.30,16.07,216.04,144.91,7.00,18.26,64.28,53.43,11.00,30.54
2/19/2019,170.93,150.31,257.81,160.68,1627.58,174.46,79.25,44.48,281.66,170.18,172.45,18.16,1935.50,120.34,82.20,160.61,14.10,106.28,113.51,144.42,102.96,162.29,108.71,85.62,29.30,1126.51,24.64,7.56,32.36,108.17,57.08,361.92,234.58,265.46,229.64,179.56,21.39,92.62,95.02,106.74,181.30,61.34,31.76,43.24,42.91,15.98,215.84,144.44,6.95,18.44,65.59,53.61,11.05,29.90
2/20/2019,172.03,150.56,258.10,159.80,1622.10,174.66,82.62,42.78,283.42,170.71,171.18,18.42,1926.17,119.99,82.72,158.54,13.90,105.37,113.68,145.97,98.63,162.56,107.06,84.73,29.30,1120.59,24.68,7.60,31.82,107.15,56.48,359.91,229.50,267.74,232.60,177.04,21.63,91.83,94.73,106.86,179.21,62.95,31.79,43.42,43.44,16.28,213.19,144.73,7.31,18.51,66.05,53.99,11.08,30.46
2/21/2019,171.06,150.98,257.76,159.83,1619.44,174.49,81.33,41.90,280.94,171.66,171.81,18.10,1906.31,121.18,82.07,159.63,13.33,104.99,114.29,144.48,96.86,160.04,107.12,84.75,28.77,1104.21,24.27,7.59,31.61,109.41,56.73,356.97,230.01,270.21,218.91,178.93,21.34,91.70,94.96,106.98,178.47,62.97,31.78,43.07,43.74,16.27,208.70,144.00,6.30,18.28,65.55,53.29,11.04,30.04
2/22/2019,172.97,153.18,258.90,161.51,1631.56,175.48,89.28,41.50,276.50,176.92,167.17,18.73,1910.52,122.76,81.20,161.31,13.44,105.19,115.25,146.46,95.92,161.89,107.09,85.03,31.16,1116.56,25.95,7.75,33.14,110.97,57.29,363.02,235.00,271.31,222.65,184.28,21.51,92.98,95.98,108.32,183.63,65.61,31.88,44.18,43.83,16.41,207.55,145.87,6.64,18.45,68.47,53.18,11.03,29.76
2/25/2019,174.23,152.49,258.62,163.94,1633.00,175.01,91.36,41.96,278.60,183.25,165.00,18.55,1890.03,121.78,81.42,161.36,13.17,105.47,113.59,145.47,95.86,164.62,106.79,84.24,33.06,1117.33,26.19,7.58,35.34,111.59,55.97,363.91,237.00,272.82,224.19,181.33,21.45,93.20,96.70,107.33,187.50,68.99,31.83,44.16,43.80,16.33,205.50,146.06,6.81,18.20,74.04,53.10,11.20,30.89
2/26/2019,174.33,152.88,261.22,163.31,1636.40,174.83,90.33,42.08,275.00,183.54,161.98,18.47,1915.73,121.48,80.90,163.00,12.98,105.43,113.50,146.88,98.50,164.13,106.81,84.72,31.48,1122.01,26.59,7.70,34.55,112.36,55.35,364.97,236.21,275.54,224.83,180.43,21.36,93.10,96.59,107.57,185.03,68.83,32.01,44.02,43.70,16.35,204.38,147.04,7.18,17.99,74.25,53.01,11.19,30.26
2/27/2019,174.87,152.98,262.90,164.28,1641.09,176.83,94.82,41.79,271.49,184.58,162.17,19.19,1906.00,123.00,82.26,163.12,13.10,105.36,112.78,145.08,97.84,162.81,107.21,85.05,31.74,1122.89,25.97,7.62,34.61,112.17,55.78,362.87,240.31,282.16,225.62,182.72,21.18,93.53,97.86,107.01,189.20,67.75,32.02,43.60,43.34,16.18,206.04,147.22,7.27,17.83,73.14,52.57,11.08,29.87
2/28/2019,173.15,153.03,262.50,163.01,1639.83,177.26,94.05,42.14,275.36,183.03,162.54,19.56,1697.04,122.30,83.58,163.65,13.19,105.50,112.84,146.47,95.78,161.45,108.15,84.69,33.27,1126.55,27.71,7.73,33.17,112.03,55.38,358.10,239.44,273.35,223.22,181.73,21.10,92.82,98.07,107.13,189.15,67.37,32.61,42.81,42.78,15.78,204.79,148.12,7.18,17.85,72.25,52.80,10.98,37.00
3/1/2019,174.97,153.90,264.01,159.77,1671.73,182.23,93.04,42.84,272.75,183.88,162.09,19.08,1714.08,121.30,84.26,164.53,12.97,106.04,114.01,147.57,97.41,162.28,108.39,86.39,35.27,1148.52,28.73,7.59,33.28,112.53,55.60,357.32,243.52,275.79,217.38,181.80,21.19,93.62,98.80,108.38,191.52,67.35,32.46,42.64,42.83,15.42,206.28,149.47,7.03,17.60,72.07,53.49,11.42,37.25
3/4/2019,175.85,153.26,258.16,157.79,1696.17,180.13,91.06,41.79,274.89,187.25,160.92,18.40,1707.82,121.15,83.31,158.50,12.15,104.92,114.33,145.84,97.29,167.37,107.32,85.55,33.57,1153.42,28.89,7.80,33.87,112.26,54.48,351.04,236.97,272.05,218.96,177.42,21.00,91.27,96.57,107.32,186.47,67.24,32.46,43.80,44.18,15.37,201.53,147.96,7.39,17.07,72.37,53.13,11.50,36.28
3/5/2019,175.53,152.66,257.38,154.71,1692.43,178.75,90.26,41.88,277.01,185.00,167.74,19.03,1745.93,120.57,82.97,156.97,11.97,104.38,114.00,148.71,95.72,171.26,106.89,85.61,34.47,1169.19,29.35,7.83,35.18,111.70,55.09,354.30,236.00,271.25,228.97,178.57,20.54,90.61,96.53,107.97,187.50,64.51,32.22,46.57,46.04,15.45,200.59,147.95,7.94,17.51,69.72,53.10,11.49,36.38
3/6/2019,174.52,152.53,256.40,153.51,1668.95,178.68,87.51,42.56,271.35,184.17,170.24,18.77,1751.62,118.98,82.51,156.79,11.56,103.63,114.85,144.75,94.77,172.51,106.60,85.37,34.84,1164.94,29.03,7.78,35.27,111.75,54.70,359.61,233.11,278.01,231.79,175.64,20.36,89.96,96.46,107.59,187.37,62.64,31.89,45.93,46.12,14.95,199.41,147.81,7.71,17.64,67.29,52.18,11.54,38.58
3/7/2019,172.50,150.42,255.46,152.77,1625.95,178.79,84.64,41.42,265.51,177.32,165.72,18.50,1725.01,118.46,81.28,155.60,12.11,102.87,114.01,144.29,99.36,169.13,105.65,85.01,34.75,1150.85,27.84,7.54,32.72,110.39,53.79,352.60,233.37,273.30,224.44,176.23,20.23,89.64,96.21,106.35,186.94,58.77,31.50,44.45,45.25,14.71,199.91,146.83,7.58,17.69,62.12,52.18,11.34,37.87
3/8/2019,172.91,149.24,254.74,152.37,1620.80,177.43,84.06,42.03,264.19,175.03,163.65,18.05,1715.82,118.94,81.37,155.06,12.30,99.98,113.81,145.53,98.36,169.60,105.71,84.88,34.13,1149.97,27.05,7.56,32.77,110.51,53.03,349.60,233.95,267.06,226.57,178.08,20.37,88.46,95.69,107.97,189.76,56.96,31.54,43.63,44.20,15.09,199.19,147.35,7.23,17.83,61.54,52.17,11.11,36.69
3/11/2019,178.90,151.09,260.96,154.04,1670.62,178.73,88.14,42.92,269.06,180.41,166.96,18.36,1709.90,120.03,82.85,157.65,12.34,100.14,114.75,145.67,99.04,172.07,107.04,86.03,35.70,1179.26,27.62,7.84,32.55,112.83,53.58,358.86,239.86,266.16,232.95,181.16,20.69,90.42,97.45,107.72,200.39,58.57,32.02,45.53,45.20,15.49,202.03,150.67,7.84,18.19,64.28,52.05,11.23,37.75
3/12/2019,180.91,151.99,263.51,154.81,1673.10,180.96,86.92,42.63,269.63,180.63,166.99,18.02,1736.00,121.20,82.95,158.28,12.22,100.20,114.73,146.16,98.59,171.92,107.37,86.08,35.45,1197.25,28.11,7.87,36.44,113.62,53.90,356.27,238.71,275.12,232.73,182.29,20.69,90.20,97.50,108.01,202.47,58.20,32.21,45.73,45.99,15.65,201.37,151.73,7.93,18.16,63.25,52.85,11.15,37.39
3/13/2019,181.71,152.84,264.38,153.38,1690.81,180.81,92.05,43.70,271.21,180.70,168.17,17.77,1760.71,122.04,83.74,159.81,12.10,100.56,114.09,149.33,100.13,173.37,107.60,86.08,35.14,1199.06,28.13,8.04,37.79,114.50,53.46,361.21,240.39,277.58,240.86,181.03,20.55,91.26,99.31,108.86,205.51,58.14,32.92,45.62,45.66,16.17,201.64,152.47,7.88,18.42,62.45,52.27,11.35,37.66
3/14/2019,183.73,153.51,267.69,153.15,1686.22,180.62,91.22,43.32,268.20,180.36,167.74,17.80,1743.88,123.80,83.21,160.67,11.92,101.66,114.48,147.84,98.83,170.17,107.78,85.50,35.58,1192.53,27.89,8.09,37.22,114.59,54.16,358.82,241.59,271.07,238.57,183.35,20.49,91.66,99.03,109.52,208.23,57.70,32.84,45.50,45.55,16.05,201.62,154.20,7.62,18.59,61.38,52.33,11.32,38.93
3/15/2019,186.12,155.31,257.09,153.28,1712.36,180.38,92.55,44.63,290.29,180.97,170.48,17.19,1752.17,125.64,84.33,161.51,12.09,100.88,114.96,150.07,98.98,165.98,108.88,86.24,35.88,1190.30,27.93,8.13,38.50,115.91,55.00,361.46,241.89,278.82,242.35,181.94,20.50,91.20,100.73,112.49,205.98,58.09,33.31,45.96,45.73,16.60,202.39,155.46,7.80,19.04,62.61,52.76,11.32,39.63
3/19/2019,186.53,154.63,260.42,155.10,1761.85,181.12,92.24,46.42,299.31,182.14,170.73,17.54,1764.03,126.18,84.41,163.93,11.91,101.26,110.00,148.80,97.51,161.57,106.60,84.60,36.12,1202.46,28.31,8.23,38.54,117.65,57.15,358.78,241.96,282.69,244.29,183.12,20.67,92.60,101.54,113.44,202.09,58.54,33.08,47.06,47.13,16.89,204.57,154.59,7.60,19.23,63.05,52.89,11.60,40.11
3/20/2019,188.16,154.02,259.74,154.31,1797.27,180.23,92.22,46.16,291.03,181.28,170.17,17.16,1774.43,125.81,82.95,163.51,11.90,100.48,109.99,149.11,97.03,165.44,106.75,83.73,35.47,1226.43,28.08,8.03,38.07,117.52,58.13,375.22,244.59,275.29,237.00,181.97,20.84,92.98,102.31,114.53,201.34,58.44,32.45,47.00,47.14,16.70,203.51,153.75,7.36,19.27,61.01,52.81,11.41,39.81
3/21/2019,195.09,155.34,264.18,158.82,1819.26,182.33,91.59,48.60,296.80,181.50,171.77,16.06,1774.36,126.16,82.89,166.95,12.11,101.70,108.66,148.82,104.88,166.08,110.16,86.07,35.36,1236.13,28.76,8.37,38.50,120.22,59.51,377.87,250.95,275.08,240.02,190.05,21.21,94.96,104.15,114.43,205.00,59.14,32.91,46.90,46.26,16.59,207.73,155.80,7.39,19.11,60.65,53.56,11.10,39.50
3/22/2019,191.05,153.81,259.69,154.22,1764.77,177.18,90.31,46.87,292.65,176.26,166.73,15.46,1721.59,125.43,80.00,161.50,12.17,100.46,108.23,146.77,102.34,164.34,110.41,85.58,34.08,1207.65,28.00,8.09,37.13,117.05,57.59,361.01,241.21,279.16,232.35,181.16,20.88,93.12,101.27,111.72,198.75,57.76,31.83,45.26,46.51,15.77,199.07,153.07,6.95,18.94,58.70,52.74,10.88,39.77
3/25/2019,188.74,153.75,262.27,154.69,1774.26,177.44,91.99,46.98,292.16,178.77,166.88,15.46,1752.39,125.43,79.36,160.88,12.02,99.10,107.79,146.21,101.73,166.29,108.42,85.26,33.52,1197.38,28.39,8.09,38.17,117.66,56.94,366.23,241.70,276.88,233.74,183.81,20.81,92.01,101.55,111.60,201.45,58.58,31.39,44.98,45.09,15.78,198.09,153.03,7.12,18.59,59.03,52.29,10.62,38.51
3/26/2019,186.79,156.20,265.59,155.91,1783.76,179.69,92.00,46.43,297.03,178.08,167.20,15.38,1768.87,126.06,80.66,159.40,12.30,99.99,110.14,149.27,102.32,167.68,109.91,86.93,34.76,1189.84,28.81,8.00,37.60,117.91,56.98,359.97,245.00,288.52,235.39,185.71,20.95,92.72,103.15,113.93,204.37,58.55,31.77,44.82,44.77,15.84,199.25,155.30,7.25,18.88,58.59,53.90,10.58,39.61
3/27/2019,188.47,156.79,262.34,153.10,1765.70,178.55,90.84,45.52,295.97,177.03,164.29,15.18,1752.11,124.54,80.07,155.12,12.12,99.35,110.28,144.64,100.67,165.87,109.97,87.65,34.89,1178.01,29.16,7.78,37.31,116.77,55.24,353.37,241.37,283.64,235.24,182.97,21.04,90.04,103.07,113.56,200.08,57.91,31.63,44.98,45.18,14.82,199.85,154.22,7.63,18.59,57.89,52.70,10.70,39.32
3/28/2019,188.72,158.37,263.53,153.03,1773.42,180.29,92.46,45.62,299.07,177.73,164.11,15.31,1728.89,124.83,80.96,155.18,12.05,99.45,110.71,146.69,102.20,165.55,111.18,87.78,34.03,1172.27,29.41,7.67,37.59,116.93,55.87,354.61,243.33,286.95,236.27,186.69,20.76,90.38,103.86,114.21,203.45,56.82,31.83,45.07,45.10,15.03,204.47,154.67,7.80,18.13,58.33,53.93,10.55,39.06
3/29/2019,189.95,159.74,266.49,155.82,1780.75,182.71,105.12,45.53,300.71,182.45,164.85,15.92,1744.91,126.49,81.69,158.37,11.99,99.66,111.03,149.03,101.63,166.69,113.10,88.28,35.69,1176.89,30.15,7.56,38.24,117.94,56.61,356.56,246.49,284.67,241.45,189.13,20.22,92.18,103.84,115.46,206.62,59.24,31.90,45.98,45.99,15.08,204.40,156.19,8.03,18.18,61.99,53.27,10.54,39.11
4/1/2019,191.24,162.07,272.17,163.82,1814.19,187.45,104.00,47.12,305.79,180.89,170.40,15.74,1759.23,126.80,84.48,161.18,12.37,99.69,112.51,149.55,102.67,168.70,113.78,89.31,36.60,1198.98,31.26,7.82,40.81,119.02,56.26,366.96,245.73,286.64,256.01,190.28,20.81,94.96,105.55,115.82,206.04,61.68,32.58,47.17,46.50,15.16,206.87,157.26,8.38,18.60,66.40,53.41,10.92,39.40
4/2/2019,194.02,161.44,271.35,164.35,1813.98,187.61,102.62,47.46,303.05,181.74,170.98,15.53,1763.55,127.99,84.68,160.51,12.13,100.13,111.96,149.34,100.84,174.20,114.12,89.78,37.19,1205.54,30.29,7.86,39.88,119.19,56.68,367.72,246.82,287.48,258.29,190.72,20.83,95.01,105.23,115.81,201.46,61.70,32.42,46.87,46.63,15.11,207.24,157.78,8.04,18.56,65.90,53.42,10.90,40.41
4/3/2019,195.35,161.10,271.50,166.65,1820.70,188.54,104.35,47.65,304.20,178.32,174.91,15.52,1774.93,127.80,85.31,162.62,12.37,102.48,112.52,152.04,100.15,173.54,114.93,90.64,38.02,1210.81,30.31,7.92,40.67,119.97,57.32,369.75,247.14,290.97,267.57,190.31,21.76,95.21,104.69,116.43,205.12,63.16,32.35,48.00,48.16,15.10,208.70,158.46,8.25,18.88,68.94,54.55,11.21,41.62
4/4/2019,195.69,159.34,267.89,165.05,1818.86,184.98,104.97,46.96,302.00,181.07,179.13,15.71,1780.60,124.22,86.70,158.52,12.39,100.01,114.75,149.64,97.94,176.02,114.03,90.08,38.15,1219.45,30.25,8.07,39.76,119.36,55.23,367.88,237.03,290.82,269.76,183.69,21.60,93.69,104.46,115.95,194.75,64.84,32.50,48.05,47.91,15.82,207.73,157.64,8.29,18.87,68.74,54.36,11.15,41.07
4/5/2019,197.00,160.34,267.45,166.33,1837.28,185.83,108.51,47.29,304.28,185.35,181.55,15.43,1769.45,123.97,86.54,158.56,12.55,100.98,115.00,149.37,99.43,175.72,113.39,89.86,38.73,1211.45,31.24,8.15,40.01,119.89,54.92,365.49,236.98,297.38,279.68,183.48,21.75,94.16,105.73,114.61,196.65,66.32,32.31,48.67,47.90,16.09,209.44,157.65,8.65,18.35,71.06,54.45,11.33,40.78
4/8/2019,200.10,160.46,268.81,166.74,1849.86,186.41,109.97,47.57,304.48,186.50,184.77,15.15,1788.72,124.56,86.04,158.47,12.53,100.93,114.96,151.47,97.95,174.93,113.65,88.33,38.96,1208.28,30.79,8.14,39.55,119.93,55.81,361.41,237.21,292.43,278.73,184.25,21.60,94.27,106.57,114.93,200.24,66.48,32.54,48.61,48.45,16.24,210.11,157.75,8.53,18.35,71.91,54.13,11.15,40.09
4/9/2019,199.50,159.68,268.99,167.06,1835.84,186.66,107.61,47.01,303.45,187.19,181.00,14.63,1794.47,124.36,85.10,156.97,12.39,101.35,116.86,150.64,98.25,177.58,113.76,88.23,38.94,1202.69,30.90,7.98,38.98,119.28,56.66,364.71,238.76,299.18,276.72,184.34,21.77,94.10,106.93,110.37,203.96,64.59,32.27,48.64,48.92,15.93,211.49,157.49,8.27,18.29,70.80,53.80,11.36,39.77
4/10/2019,200.62,160.42,271.58,170.46,1847.33,187.92,108.41,47.86,307.51,186.19,177.04,14.33,1806.00,125.55,85.63,160.24,12.55,101.56,117.16,149.84,99.63,177.82,112.38,86.75,39.68,1206.45,30.17,8.03,38.03,120.19,56.99,363.92,243.66,296.61,272.97,187.59,22.02,95.18,107.51,112.27,206.50,64.46,32.55,50.40,49.61,16.07,213.07,158.56,8.05,18.25,70.57,53.98,11.41,40.92
4/11/2019,198.95,161.67,271.90,171.88,1844.07,188.59,105.68,47.17,309.41,184.98,171.20,14.07,1818.59,125.81,86.25,160.73,12.59,101.91,116.60,149.60,100.58,177.51,112.90,85.54,39.45,1209.59,30.20,8.09,37.20,120.33,57.87,367.65,245.77,295.08,273.61,188.58,21.76,97.07,106.46,112.33,210.99,63.92,32.62,49.60,49.90,15.97,213.63,157.86,8.22,18.08,68.90,53.79,11.44,41.50
4/12/2019,198.87,163.31,271.86,171.87,1843.06,189.55,107.54,47.28,317.03,188.91,173.09,14.43,1833.07,130.40,87.83,160.71,12.12,102.27,130.06,151.42,101.83,179.10,113.16,86.30,40.75,1222.73,30.57,8.00,38.11,120.95,57.20,351.14,244.30,300.23,274.45,188.76,22.18,98.59,108.48,112.32,214.83,64.43,33.00,50.19,50.21,15.39,217.00,159.64,8.38,18.34,70.47,54.46,11.40,42.71
4/15/2019,199.23,163.68,272.22,172.77,1844.87,189.96,106.72,45.75,316.40,183.07,168.67,13.85,1846.23,131.57,86.88,160.09,11.97,102.25,132.04,151.92,97.85,179.65,113.14,86.55,38.99,1226.53,29.66,8.02,35.99,121.05,60.18,348.87,243.79,306.00,270.54,190.16,22.21,97.99,108.14,112.80,218.03,63.78,32.95,49.30,49.52,15.45,217.76,160.44,7.91,18.61,68.60,54.13,11.59,42.47
4/16/2019,199.25,162.14,271.43,172.67,1863.04,189.40,108.34,45.06,318.50,185.78,170.28,14.33,1841.70,130.07,87.91,158.69,12.25,101.77,129.90,151.38,93.83,178.87,111.58,85.01,39.97,1231.91,29.91,7.93,36.23,120.77,57.81,359.46,239.81,307.69,265.74,188.89,21.83,97.33,108.20,111.20,215.40,63.73,33.16,50.30,50.19,15.72,219.43,160.23,7.88,18.59,70.40,54.61,11.87,46.87
4/17/2019,203.13,162.85,269.45,168.03,1864.82,187.09,112.14,44.98,320.53,187.55,170.33,14.68,1839.79,129.53,87.92,155.34,12.11,100.20,131.75,151.56,91.95,178.78,111.10,85.29,38.56,1240.14,29.85,8.00,36.04,121.77,58.60,354.74,236.23,310.77,268.28,186.94,21.88,96.23,108.81,112.31,217.05,64.74,33.24,50.27,50.43,15.03,218.97,160.44,7.82,18.71,71.15,55.86,12.02,46.66
4/22/2019,204.53,161.91,272.21,172.15,1887.31,189.04,114.55,45.34,315.00,185.38,169.37,14.65,1844.17,118.35,87.61,158.76,11.88,99.85,131.68,152.50,92.52,181.44,112.21,85.73,39.02,1253.76,29.65,8.04,36.26,123.76,61.04,377.34,242.64,344.50,268.04,190.19,21.92,99.48,106.81,113.79,224.29,64.82,33.55,49.79,49.92,15.33,219.69,160.40,7.76,18.41,72.32,56.57,12.12,46.87
4/23/2019,207.48,165.04,278.49,175.28,1923.77,192.20,113.75,46.51,315.64,187.29,173.29,14.79,1887.73,118.52,88.19,161.23,11.87,100.88,133.36,153.08,94.63,183.78,112.80,87.08,39.00,1270.59,29.78,8.09,37.52,125.44,61.86,381.89,243.55,332.36,274.14,194.62,22.50,100.82,106.90,114.80,223.44,64.82,33.46,50.20,50.11,15.36,223.55,161.66,8.04,18.31,72.00,55.72,12.11,46.16
4/24/2019,207.16,163.50,275.45,176.31,1901.75,192.91,114.49,46.75,314.33,185.67,169.30,14.84,1867.28,118.19,87.79,159.56,11.59,100.46,135.10,158.51,94.15,182.58,112.04,86.53,38.85,1260.05,29.66,7.84,36.85,125.01,61.65,374.23,242.70,338.22,274.18,192.60,22.42,101.89,107.22,129.08,219.81,64.42,33.53,49.58,50.11,14.73,222.89,161.49,8.10,17.97,70.31,56.43,11.76,46.80
4/25/2019,205.28,163.86,277.66,175.32,1902.25,191.93,111.94,47.41,311.82,187.88,167.93,14.65,1866.26,119.15,88.05,163.09,11.43,99.52,137.24,158.50,92.98,193.26,111.55,86.30,38.23,1267.34,29.23,7.78,36.87,129.15,62.17,368.33,260.69,345.01,277.97,196.54,22.16,90.83,110.22,129.05,218.97,63.01,33.50,48.65,48.80,14.82,224.06,161.02,7.99,17.96,69.84,56.59,11.68,46.92
4/26/2019,204.30,163.70,281.96,176.99,1950.63,194.66,111.70,48.15,310.41,187.09,166.12,12.97,1868.00,119.65,93.73,165.96,11.62,100.98,139.92,155.93,94.47,191.49,110.90,85.37,38.26,1277.42,29.13,7.86,36.87,129.89,61.92,374.85,267.08,340.50,280.73,200.07,22.65,92.18,110.56,127.48,222.28,62.66,34.40,49.35,48.96,14.79,225.91,162.93,7.99,18.37,67.74,56.24,12.34,47.07
4/29/2019,204.61,162.99,286.14,176.68,1938.43,193.59,115.62,48.40,312.72,186.94,165.85,13.25,1876.32,120.79,92.38,165.36,11.66,100.82,139.30,155.00,94.73,194.78,111.54,85.05,38.98,1296.20,29.87,7.83,34.36,129.77,61.45,371.83,271.69,340.12,283.65,198.04,22.64,90.99,112.44,129.05,225.79,63.28,34.41,49.70,49.80,14.83,228.49,164.15,8.12,18.52,67.75,56.66,12.48,47.52
4/30/2019,200.67,164.39,289.25,178.21,1926.52,195.80,115.49,48.21,318.40,185.57,166.23,12.84,1854.99,120.76,92.83,165.35,11.42,100.96,136.97,158.10,94.65,193.40,115.93,87.24,39.13,1198.96,30.27,7.88,35.07,130.60,60.40,370.54,271.51,341.24,284.53,202.53,23.08,90.47,112.77,128.86,243.53,62.94,34.67,49.24,49.45,14.81,231.91,164.43,8.61,18.52,68.50,57.15,12.47,46.92
5/2/2019,209.15,158.42,279.64,173.36,1900.82,191.38,113.84,49.55,315.82,190.39,166.24,12.33,1808.00,118.59,92.92,161.83,11.42,99.25,134.14,152.77,94.40,192.53,117.80,85.46,39.44,1166.51,29.99,8.01,35.64,126.21,60.41,379.06,262.67,340.86,280.40,201.47,22.73,87.87,109.70,125.98,255.54,62.07,34.15,49.22,49.90,14.62,216.03,161.12,9.11,18.40,67.11,56.32,12.69,45.34
5/3/2019,211.75,160.19,285.58,176.70,1962.46,192.49,116.85,47.15,315.71,195.21,167.04,12.98,1824.07,119.94,94.26,163.34,11.68,99.15,134.33,151.57,92.50,195.47,117.76,86.74,40.30,1189.55,30.05,8.10,36.85,128.90,61.91,385.03,268.52,342.02,285.44,206.89,23.42,88.42,111.96,127.40,264.03,62.90,34.34,49.76,49.43,14.62,218.29,162.04,9.16,18.46,68.79,56.82,12.87,46.38
5/6/2019,208.48,160.25,283.66,175.28,1950.55,192.60,114.21,48.16,311.57,188.24,164.50,12.57,1800.51,119.62,93.61,162.50,11.52,98.38,135.00,152.58,93.76,193.88,117.32,87.80,38.22,1193.46,28.70,8.08,35.58,128.15,62.55,378.67,269.75,342.61,281.42,207.46,23.37,88.29,110.85,126.42,265.52,59.92,34.29,48.30,47.87,14.40,222.22,162.28,8.87,18.33,65.23,56.97,12.81,46.08
5/7/2019,202.86,158.35,277.07,170.72,1921.00,188.92,110.26,46.68,307.29,181.43,162.13,12.02,1785.00,116.42,91.60,156.90,11.41,97.54,133.44,150.11,92.73,189.77,115.89,85.54,35.55,1178.86,27.13,7.83,33.15,125.52,60.37,370.46,264.81,337.51,264.17,201.90,22.92,86.37,108.95,123.47,258.69,57.98,34.00,47.46,48.52,14.30,217.28,160.21,8.75,18.26,62.44,54.59,12.61,44.71
5/8/2019,202.90,159.19,276.77,171.51,1917.77,190.93,106.96,46.82,303.39,179.59,159.58,11.82,1751.63,117.05,90.22,156.86,11.43,97.54,134.99,152.39,93.88,189.54,116.14,85.42,35.80,1170.78,26.89,7.85,32.81,125.51,67.88,364.37,265.98,337.12,264.41,204.75,23.23,86.48,109.07,124.30,261.51,57.59,33.82,49.06,49.02,13.80,217.31,160.76,8.61,18.16,61.95,55.03,12.64,45.44
5/9/2019,200.72,160.57,275.79,171.42,1899.87,190.51,105.39,46.64,304.06,179.04,158.70,11.34,1736.03,117.78,90.20,156.31,10.86,96.87,133.59,151.69,93.32,188.65,115.87,84.69,35.87,1167.97,27.51,7.78,32.29,125.50,67.15,362.75,270.49,335.10,261.67,207.89,23.47,86.33,109.73,124.37,260.62,57.00,34.40,47.74,47.86,13.81,215.70,159.81,8.58,18.11,61.79,54.62,12.50,43.89
5/10/2019,197.18,161.03,278.48,173.77,1889.98,191.88,105.80,46.02,303.96,178.00,156.75,11.27,1829.85,118.63,90.39,159.94,10.89,97.19,134.04,152.53,93.88,188.34,116.72,85.23,35.44,1167.64,28.17,7.78,28.97,127.13,67.27,361.04,274.90,336.63,264.47,208.39,23.16,87.56,110.41,125.75,258.83,55.73,35.01,48.46,48.67,13.71,218.23,160.71,8.50,18.33,61.43,54.73,12.52,44.09
5/13/2019,185.72,157.26,267.70,164.93,1822.68,183.97,98.11,43.41,293.38,170.01,151.54,10.77,1777.26,115.45,87.54,153.15,10.51,95.35,131.34,149.06,90.42,181.54,115.45,83.36,33.17,1136.59,28.18,7.71,27.83,123.35,69.24,345.26,260.12,338.31,254.57,197.25,22.38,83.93,106.83,123.24,250.79,54.44,33.99,46.68,48.67,13.35,210.59,157.33,7.70,16.77,58.63,53.55,12.18,42.26
5/14/2019,188.66,158.51,271.86,169.96,1840.12,186.03,102.68,44.70,302.00,174.84,152.39,11.13,1793.67,116.33,89.26,158.07,11.00,95.82,133.20,151.41,94.57,180.73,116.92,84.46,34.82,1124.86,29.67,7.77,28.81,124.73,67.92,345.61,272.07,337.70,262.37,203.28,22.33,85.46,109.09,125.20,253.15,53.99,34.77,47.07,47.21,13.38,211.18,160.21,8.17,16.34,59.22,54.25,12.29,43.66
5/15/2019,190.92,159.37,276.82,173.32,1871.15,186.95,104.12,46.28,304.37,177.60,152.50,11.36,1789.43,116.81,89.38,155.06,10.95,96.04,134.68,150.27,96.77,186.27,117.25,85.87,38.01,1170.80,30.44,7.81,29.88,126.02,70.73,354.99,273.96,341.50,262.04,204.39,22.40,87.07,111.50,126.17,264.16,53.93,34.86,46.53,47.64,13.25,213.17,162.79,8.33,16.06,58.99,54.20,12.28,43.24
5/16/2019,190.08,161.53,283.55,176.68,1907.57,191.44,103.34,47.29,297.29,175.57,153.70,11.57,1803.31,119.12,90.98,158.48,10.65,96.58,135.50,154.88,99.00,186.99,119.10,87.78,38.40,1184.50,30.46,7.70,29.61,128.93,74.02,359.31,277.96,335.74,279.11,212.05,22.47,88.55,113.87,129.11,278.01,53.48,35.24,46.80,46.58,12.96,217.00,164.87,8.45,15.87,59.04,54.60,12.30,43.60
5/17/2019,189.00,161.72,279.85,174.33,1869.00,187.53,99.67,46.39,289.89,169.57,128.31,11.10,1787.29,118.43,90.54,154.57,10.59,95.80,135.04,157.70,97.26,185.30,118.73,87.30,37.55,1168.78,29.31,7.70,27.92,128.07,72.89,354.45,272.99,342.30,266.53,210.75,22.17,86.84,112.80,127.36,273.50,49.10,34.91,44.78,45.33,12.88,213.71,164.09,8.22,15.74,53.10,54.44,12.25,41.95
5/20/2019,183.09,161.34,275.45,170.61,1858.97,184.67,93.20,43.61,272.59,160.65,117.55,10.27,1752.23,117.97,91.38,155.98,10.13,95.07,133.91,153.55,92.69,182.72,118.32,87.18,35.15,1144.66,28.36,7.77,27.37,126.22,72.13,348.11,265.08,347.43,257.62,207.29,21.97,83.85,112.15,125.19,267.19,47.10,35.00,42.70,43.57,13.05,212.88,163.47,7.58,16.02,50.56,54.37,12.12,41.62
5/21/2019,186.60,163.00,278.07,174.23,1857.52,185.86,95.04,43.45,275.33,163.43,120.49,10.56,1772.19,117.97,92.20,155.78,10.23,95.66,134.09,155.32,95.65,184.82,120.41,88.41,36.83,1154.44,29.05,7.78,27.86,126.90,71.35,354.27,271.21,343.36,262.62,213.55,22.34,85.33,112.43,126.91,272.81,48.78,35.15,43.34,43.47,13.16,217.13,163.86,7.66,15.97,52.62,55.22,12.17,41.41
5/22/2019,182.78,163.37,281.82,174.03,1859.68,185.53,91.98,42.91,269.22,158.83,118.40,10.24,1745.02,118.24,91.26,157.64,9.96,96.13,133.85,156.53,93.84,185.32,121.00,89.60,35.75,1155.85,28.23,7.78,27.37,127.67,70.62,359.73,273.39,347.11,260.78,213.07,22.60,86.52,112.47,128.70,279.00,47.33,35.24,42.96,43.19,13.13,220.10,164.24,7.27,15.85,51.16,56.66,12.24,41.81
5/23/2019,179.66,161.13,274.25,169.54,1815.48,180.11,89.64,42.19,260.09,156.00,113.46,9.72,1716.93,113.40,89.25,153.71,9.66,95.19,132.73,153.33,92.11,180.87,120.41,87.20,33.70,1145.34,26.70,8.09,26.64,126.18,69.36,352.21,264.79,352.81,260.17,206.77,22.05,84.77,109.90,126.60,271.62,42.54,34.75,41.52,41.53,13.02,213.38,161.51,7.50,15.56,45.39,56.22,11.99,40.33
5/24/2019,178.97,161.85,274.77,161.22,1823.28,182.15,89.66,42.29,255.94,155.00,114.47,9.97,1708.48,113.93,90.78,154.51,10.11,94.65,132.79,153.28,92.31,181.06,118.74,86.90,33.55,1138.61,26.32,7.85,26.02,126.24,69.26,354.39,268.95,357.47,255.98,208.23,22.29,85.44,109.85,127.51,275.85,40.04,34.81,40.86,41.38,13.28,215.45,162.64,7.65,15.99,43.66,56.31,12.10,41.00
5/27/2019,178.97,161.85,274.77,161.22,1823.28,182.15,89.66,42.29,255.94,155.00,114.47,9.97,1708.48,113.93,90.78,154.51,10.11,94.65,132.79,152.31,92.31,181.06,118.74,86.90,33.55,1138.61,26.32,7.85,26.02,126.24,69.26,354.39,268.95,353.61,255.98,208.23,22.29,85.44,109.85,127.51,275.85,40.04,34.81,40.86,41.25,13.28,215.45,162.64,7.65,15.99,43.66,56.31,12.06,41.47
5/28/2019,178.23,161.73,278.25,161.09,1836.43,180.40,92.26,43.50,254.48,154.81,114.14,10.27,1685.80,113.24,88.75,155.19,10.13,94.99,132.62,149.17,93.50,184.31,119.35,86.97,33.07,1139.56,26.27,7.62,27.31,126.16,70.07,354.78,266.65,357.25,250.83,208.19,22.22,86.40,111.74,126.00,282.43,40.13,34.60,41.12,41.48,13.27,217.21,163.71,7.66,15.95,42.95,55.60,12.18,41.64
5/29/2019,177.38,159.87,273.38,161.52,1819.19,179.36,93.47,43.99,254.12,152.48,112.95,10.49,1685.92,113.14,89.44,152.89,10.39,94.39,131.57,147.23,92.55,182.19,119.07,86.81,33.72,1119.94,26.01,7.85,28.25,124.94,69.32,349.19,264.19,355.96,248.44,206.05,21.86,84.63,110.08,124.25,272.68,40.30,34.37,41.45,41.02,13.55,212.99,162.73,7.68,16.29,42.91,55.07,11.97,39.52
5/30/2019,178.30,160.91,274.51,162.62,1816.32,180.69,89.99,43.56,256.62,151.07,111.82,10.64,1673.06,112.57,88.35,155.66,10.70,94.74,132.20,148.09,92.13,183.01,119.55,87.13,33.85,1121.41,26.35,7.85,28.03,125.73,69.67,351.85,262.60,350.53,249.25,209.14,21.67,85.44,111.41,124.92,277.05,40.88,34.23,41.59,41.34,13.68,213.23,162.76,7.85,16.38,42.02,55.43,12.08,39.36
5/31/2019,175.07,160.12,270.90,160.91,1775.07,179.50,85.90,43.37,251.64,149.26,110.00,10.74,1656.22,110.28,85.87,151.41,10.45,94.12,132.04,148.07,93.08,177.47,120.30,85.86,32.49,1106.50,25.76,7.82,27.57,123.68,68.65,343.28,261.93,356.43,248.61,212.10,21.71,84.06,109.75,123.08,274.90,40.26,33.63,41.76,41.58,13.87,213.35,161.33,7.54,16.21,41.52,55.34,11.87,39.08
6/3/2019,173.30,156.00,259.03,154.82,1692.69,175.24,85.32,42.38,253.18,149.91,107.78,10.81,1650.46,109.40,87.08,145.10,10.34,93.48,132.47,150.28,91.31,164.15,116.57,82.68,31.34,1038.74,25.76,8.04,27.49,119.84,65.82,336.63,248.38,356.58,244.66,197.34,21.31,80.86,105.52,122.84,265.00,39.64,33.30,42.78,42.57,14.18,208.03,158.60,7.57,16.36,41.11,55.62,12.17,39.39
6/4/2019,179.64,159.45,268.71,159.91,1729.56,182.36,87.08,43.61,265.70,154.15,111.43,11.38,1747.03,112.09,89.92,150.81,10.35,94.36,134.82,145.60,94.13,167.50,120.24,86.16,33.52,1054.49,26.80,7.93,29.68,123.16,68.46,353.40,257.55,348.06,250.91,209.02,21.65,84.26,108.73,125.83,274.00,40.82,33.94,42.39,41.74,14.21,211.50,162.33,7.75,16.89,42.89,56.03,12.30,39.68
6/5/2019,182.54,162.65,272.86,161.31,1738.50,185.85,87.18,44.52,265.72,151.65,109.14,10.83,1765.00,112.34,89.90,158.44,10.17,94.93,135.94,148.67,95.25,168.17,121.79,88.36,33.50,1044.64,26.19,8.00,29.60,125.83,71.34,355.73,263.25,357.62,245.57,216.77,21.28,85.99,110.77,126.26,292.52,39.79,34.07,41.81,42.21,13.63,215.74,165.39,7.28,16.78,41.43,56.66,12.27,41.21
6/6/2019,185.22,164.30,274.80,161.16,1754.36,189.20,88.27,44.08,272.79,151.50,108.89,10.26,1754.86,111.96,90.36,159.31,10.48,95.36,137.21,148.63,96.39,168.33,121.57,89.41,33.68,1047.76,26.24,8.06,29.75,127.82,70.73,357.13,268.49,355.79,252.45,219.21,21.54,87.14,111.78,126.49,297.06,39.57,34.33,42.11,42.14,13.93,218.43,166.92,7.01,16.18,41.25,58.06,12.32,40.28
6/7/2019,190.15,166.92,278.16,165.30,1804.03,193.29,91.78,45.38,274.87,154.23,109.81,10.04,1778.29,111.99,90.26,161.27,10.54,95.86,138.04,153.46,96.99,173.35,122.54,89.74,34.90,1068.37,26.80,8.16,30.54,131.40,70.99,360.87,274.55,361.94,258.26,222.45,23.58,88.76,114.02,129.64,305.05,40.19,33.78,42.81,42.13,14.24,219.91,170.05,7.23,16.44,42.40,58.76,12.59,40.44
6/10/2019,192.58,167.69,280.34,165.12,1860.63,195.08,93.48,46.01,280.21,159.85,111.76,10.67,1781.12,113.98,90.43,152.79,10.33,95.98,137.07,153.38,95.51,174.82,122.29,90.58,36.05,1082.76,27.26,8.30,31.57,132.60,70.33,352.01,275.87,366.15,262.84,221.91,23.11,90.77,115.62,129.43,306.73,41.26,33.32,43.44,43.73,14.11,220.09,170.82,7.50,16.42,42.92,58.32,12.67,40.36
6/11/2019,194.81,165.11,275.99,163.20,1863.70,194.81,92.15,46.70,283.48,162.65,115.37,10.70,1803.63,113.28,91.34,150.15,10.67,95.84,135.08,154.63,94.58,178.10,121.69,89.64,36.03,1081.04,28.00,8.53,31.89,132.10,70.16,351.27,266.29,362.87,269.80,213.83,23.01,88.32,114.60,128.38,306.71,42.31,34.05,43.90,43.97,14.26,219.50,170.31,7.74,16.47,44.20,58.78,12.76,42.06
6/12/2019,194.19,165.22,276.84,163.77,1855.32,197.77,88.05,45.09,279.73,160.04,113.09,10.61,1798.90,113.22,90.55,151.28,10.77,96.54,135.72,152.31,92.67,175.04,120.95,89.77,34.62,1079.10,27.24,8.30,31.61,131.49,71.78,345.56,267.88,350.04,267.53,214.00,23.20,87.47,114.50,128.31,310.14,41.30,33.79,42.78,43.12,14.20,222.47,171.59,7.72,16.29,42.41,58.55,12.71,42.22
6/13/2019,194.15,164.45,276.30,162.32,1870.30,198.47,88.35,46.05,281.61,160.33,114.01,10.42,1809.52,113.00,90.77,151.34,11.15,96.75,141.74,155.37,93.57,177.47,120.84,88.66,34.17,1091.01,27.54,8.42,31.67,132.32,72.57,343.43,273.79,345.17,267.38,218.76,23.02,86.32,115.72,128.81,306.99,41.42,33.98,42.39,42.69,14.51,219.39,169.35,7.80,16.27,42.43,58.20,12.14,42.08
6/14/2019,192.74,165.54,274.28,158.16,1869.67,197.13,85.31,45.62,265.93,158.10,113.08,10.13,1775.50,113.32,90.57,150.01,11.10,96.79,141.65,153.56,92.73,181.33,121.40,89.20,32.73,1086.30,27.05,8.53,31.03,132.45,72.09,339.73,272.25,346.06,265.94,214.34,22.83,83.90,116.17,127.65,305.11,40.33,33.95,41.77,42.16,14.04,219.19,169.66,7.69,16.00,41.41,58.08,12.09,42.33
6/17/2019,193.89,165.94,275.60,157.38,1886.03,198.72,84.77,45.07,265.97,159.91,114.33,10.26,1781.41,113.35,89.95,150.29,11.26,97.11,140.97,154.63,92.44,189.01,121.53,88.97,33.37,1093.89,27.33,8.45,30.88,132.85,72.53,350.62,274.56,344.93,263.75,219.52,22.96,84.46,117.16,128.46,305.85,40.69,34.01,41.92,42.00,13.83,219.29,169.56,7.87,15.92,41.61,58.88,12.21,42.94
6/18/2019,198.45,168.22,276.78,161.90,1901.37,201.89,89.30,45.77,278.05,165.51,116.95,10.63,1808.99,112.74,91.29,150.59,11.45,97.70,139.24,158.94,92.03,188.47,122.62,89.10,35.52,1105.24,28.26,8.75,32.76,135.16,71.75,357.12,282.64,348.31,266.13,222.42,23.49,86.55,115.98,131.77,304.21,42.46,34.44,43.83,42.64,14.41,221.06,169.28,8.19,16.15,43.24,58.86,12.36,44.00
6/19/2019,197.87,168.25,291.21,165.63,1908.79,204.05,88.89,45.33,277.49,165.46,117.80,10.58,1842.06,114.23,90.48,154.14,11.33,98.94,140.92,158.88,92.58,187.48,123.29,90.00,35.10,1104.51,28.66,8.89,32.85,135.69,70.34,363.52,285.51,350.51,259.96,225.89,23.50,87.96,117.14,131.84,327.02,41.63,33.84,44.65,44.38,14.90,224.89,170.69,8.20,16.10,42.22,59.10,12.53,44.15
6/20/2019,199.46,169.61,302.11,169.45,1918.19,203.70,92.29,45.67,279.05,168.25,118.30,10.85,1861.31,114.82,91.63,157.20,11.35,99.38,142.02,160.50,93.19,189.53,123.88,91.69,35.29,1113.20,29.12,9.10,33.81,136.95,69.20,365.21,288.80,359.48,265.24,230.15,23.95,89.49,118.79,134.40,328.01,43.04,34.24,45.49,45.31,15.16,222.05,173.74,8.38,16.31,43.02,58.79,12.51,44.41
6/21/2019,198.78,168.16,299.33,170.89,1911.30,200.96,89.46,45.91,273.99,167.55,116.91,10.57,1880.00,114.18,91.52,156.84,11.34,99.79,140.23,157.57,95.33,191.14,122.70,91.48,34.28,1125.37,29.06,9.12,33.72,136.97,66.79,369.21,285.74,356.46,262.43,228.25,23.70,88.85,116.21,134.35,326.85,42.60,34.31,45.43,45.37,15.36,223.80,173.44,8.02,16.14,43.21,58.70,12.38,44.31
6/24/2019,198.58,167.76,299.87,168.50,1913.90,201.39,89.01,47.15,279.20,168.10,116.70,10.22,1870.81,113.89,88.72,152.56,11.12,99.58,139.22,158.36,99.00,192.60,121.22,90.81,34.64,1116.70,28.91,9.28,34.16,137.78,71.48,371.04,282.50,355.46,261.93,225.75,23.47,88.70,116.50,134.93,311.83,42.23,33.99,45.15,45.56,15.53,218.23,173.85,7.92,16.00,43.02,58.14,12.34,43.68
6/25/2019,195.57,165.52,287.97,163.16,1878.27,196.45,81.84,46.20,276.51,165.80,113.26,10.06,1845.47,114.08,88.82,149.34,10.75,98.16,139.94,159.79,96.90,188.84,121.26,90.28,32.90,1087.58,28.50,9.31,33.31,133.43,67.11,360.30,275.36,356.05,254.60,218.35,23.62,86.06,114.44,133.01,284.04,40.93,33.90,43.94,44.74,15.16,213.25,171.28,7.93,15.69,41.57,58.67,12.34,43.52
6/26/2019,199.80,162.82,288.72,162.48,1897.83,198.68,85.11,46.73,281.44,168.99,115.77,10.33,1830.22,113.95,89.38,149.04,10.91,97.40,140.40,158.61,97.32,187.66,121.27,90.19,34.70,1080.32,30.14,9.49,35.14,133.93,66.66,362.20,275.34,354.73,256.54,216.82,23.13,87.25,114.15,134.03,289.03,41.93,34.23,44.95,44.70,15.16,211.54,171.06,8.31,15.95,42.62,58.88,12.40,42.82
6/27/2019,199.74,164.01,293.23,165.25,1904.28,200.87,89.56,47.28,285.71,170.90,116.04,10.56,1845.17,115.23,89.33,150.69,11.64,97.72,139.30,158.10,99.14,189.50,121.34,90.83,36.74,1076.63,30.29,9.32,36.00,134.15,68.23,370.02,278.51,365.49,261.35,224.56,23.06,87.71,113.67,134.68,300.96,43.43,34.29,45.36,45.15,15.08,213.16,171.23,8.46,16.26,43.90,58.98,12.40,42.87
6/28/2019,197.92,165.33,294.65,162.90,1893.63,204.82,85.62,47.20,287.86,169.45,117.36,10.47,1874.71,115.61,90.74,151.73,11.76,98.14,139.64,159.75,101.26,193.00,122.68,91.16,37.57,1082.80,30.29,9.31,35.80,133.96,67.27,367.32,274.57,366.86,255.77,226.72,23.41,89.76,114.46,136.80,300.15,43.13,34.67,45.26,45.14,14.97,216.02,173.55,8.63,16.33,43.55,59.20,12.60,44.58
7/1/2019,201.55,166.39,300.97,169.29,1922.19,208.11,85.01,47.50,300.35,175.05,118.01,10.77,1898.42,117.78,92.04,154.06,11.70,98.38,141.65,161.78,100.89,193.00,124.57,92.51,37.55,1100.00,31.19,9.20,36.73,135.68,68.91,374.60,283.51,369.24,262.71,227.00,23.26,90.67,115.03,138.30,304.68,44.00,35.07,46.48,45.13,14.86,220.51,173.94,8.86,16.13,43.94,58.98,12.79,43.84
7/2/2019,202.73,161.96,301.39,170.10,1934.31,206.59,86.81,47.98,295.33,175.45,119.35,10.65,1907.99,119.25,91.10,154.12,11.64,99.29,142.53,163.15,102.72,195.00,124.91,93.59,38.39,1112.60,31.45,8.90,36.77,136.58,69.70,375.43,288.31,372.16,261.69,232.92,22.90,90.97,116.17,139.35,311.96,43.87,35.19,46.21,46.46,14.77,220.05,175.28,8.82,16.21,44.26,59.92,12.48,43.80
7/3/2019,204.41,164.09,305.70,172.00,1939.00,209.33,87.39,48.66,284.89,174.67,118.56,10.59,1919.65,119.47,92.99,155.59,11.75,99.69,142.98,165.11,98.11,197.20,126.62,94.23,38.45,1122.99,31.50,8.97,35.24,137.46,71.54,381.72,293.15,376.57,265.57,235.74,23.61,92.97,117.68,140.18,313.33,43.38,35.53,46.16,46.22,14.95,221.06,176.87,8.66,16.50,44.23,59.79,12.51,42.96
7/4/2019,204.41,164.09,305.70,172.00,1939.00,209.33,87.39,48.66,284.89,174.67,118.56,10.59,1919.65,119.47,92.99,155.59,11.75,99.69,142.98,162.00,98.11,197.20,126.62,94.23,38.45,1122.99,31.50,8.97,35.24,137.46,71.54,381.72,293.15,376.41,265.57,235.74,23.61,92.97,117.68,140.18,313.33,43.38,35.53,46.16,46.23,14.95,221.06,176.87,8.66,16.50,44.23,59.79,12.48,42.88
7/5/2019,204.23,164.84,303.98,172.23,1942.91,209.51,85.56,48.15,282.66,173.30,116.29,10.57,1924.75,119.56,92.54,154.58,11.77,99.83,142.45,158.23,93.60,196.40,126.80,94.46,38.69,1132.67,31.03,8.96,35.02,137.06,72.28,380.55,294.53,375.35,261.50,239.30,23.73,92.83,117.16,138.16,313.72,43.91,35.61,45.65,46.16,15.88,221.99,176.66,8.69,16.83,43.92,59.68,12.43,45.07
7/8/2019,200.02,164.07,302.92,169.87,1952.32,207.93,82.34,46.47,274.96,168.45,113.20,10.37,1875.76,120.27,91.80,152.81,11.68,98.98,141.02,157.36,93.44,195.76,126.83,93.58,37.47,1116.79,30.57,8.49,34.38,136.96,70.70,376.16,293.00,372.59,257.79,239.06,23.86,90.77,116.95,138.48,321.00,41.81,35.70,44.84,45.00,15.70,218.89,176.19,8.42,16.65,42.48,59.34,12.29,46.18
7/9/2019,201.24,163.54,304.20,171.35,1988.30,206.72,84.05,46.37,275.53,168.80,114.80,10.50,1877.87,120.21,92.29,153.95,11.78,98.96,141.61,156.63,92.05,199.21,127.00,93.84,38.69,1124.29,30.75,8.63,34.58,136.46,72.10,379.93,298.02,372.36,257.55,239.92,24.01,89.57,118.37,138.28,321.98,41.88,35.76,45.02,44.92,15.65,222.53,177.73,8.52,16.55,43.21,58.96,12.22,45.75
7/10/2019,203.23,164.54,306.98,172.74,2017.41,209.55,84.32,46.84,274.50,166.93,114.40,11.45,1869.39,119.74,90.16,156.27,11.93,99.64,143.54,157.22,93.96,202.73,126.92,93.86,37.98,1140.91,30.71,8.66,34.69,137.85,73.30,381.00,298.75,368.92,262.62,244.47,24.03,91.06,119.64,137.66,319.01,40.81,35.52,45.56,45.64,16.04,225.20,179.31,7.88,16.51,42.33,59.11,12.02,46.37
7/11/2019,201.75,165.21,307.60,173.33,2001.07,211.30,85.01,47.34,276.06,166.55,114.75,11.81,1874.17,119.23,90.71,158.90,12.07,99.69,143.56,157.95,93.49,201.23,127.82,93.69,37.66,1144.08,30.51,8.66,34.28,138.40,72.23,379.50,302.31,384.10,263.39,243.87,24.02,90.18,120.65,137.42,315.00,40.85,35.64,45.35,45.67,16.14,226.53,180.74,7.70,16.60,42.23,58.96,11.96,47.07
7/12/2019,203.30,165.13,309.42,174.19,2011.00,212.28,81.50,47.20,285.39,169.07,114.90,11.16,1882.48,118.80,91.07,158.08,12.20,100.84,144.88,157.02,92.82,204.87,129.36,94.51,38.97,1145.34,31.08,8.70,34.44,138.90,73.03,373.25,301.13,386.30,259.87,243.64,23.97,91.07,120.12,136.77,310.02,41.13,35.96,45.42,45.36,16.09,227.27,180.33,7.73,16.49,42.36,59.88,12.09,47.11
7/15/2019,205.21,165.01,308.76,173.71,2020.99,210.92,84.00,47.66,288.34,173.50,115.63,11.65,1881.91,117.63,89.75,159.65,12.26,101.53,145.06,156.84,92.22,203.91,130.36,94.75,38.98,1150.51,31.03,8.60,34.39,138.90,73.08,366.60,301.10,386.01,256.24,243.38,23.84,90.42,120.90,137.13,324.02,42.29,35.84,46.10,46.10,16.29,225.13,180.57,7.81,16.31,43.05,59.25,11.96,47.33
7/16/2019,204.50,164.20,305.70,171.01,2009.90,209.74,83.80,46.99,284.13,174.19,114.23,11.96,1888.90,116.25,89.93,157.13,12.16,100.85,144.30,155.04,89.55,203.84,129.71,93.91,38.89,1153.46,30.72,8.56,33.69,137.08,72.29,365.99,295.50,384.04,259.38,239.97,23.81,89.50,119.71,135.12,317.39,42.08,36.03,46.10,46.38,16.36,222.86,179.31,7.85,15.75,41.57,59.27,11.91,47.07
7/17/2019,203.35,165.39,309.39,171.62,1992.03,209.70,82.91,46.68,285.08,174.82,113.58,11.27,1867.74,115.99,88.19,158.24,11.79,100.57,142.57,154.99,89.70,201.80,130.60,94.11,38.90,1146.74,30.71,8.53,32.30,136.27,73.14,362.44,296.56,382.57,252.47,242.41,23.90,89.63,118.81,134.22,325.32,40.95,35.54,45.97,46.48,16.30,224.51,179.15,7.67,15.68,40.86,58.54,11.72,46.61
7/18/2019,205.66,167.77,310.08,172.38,1977.90,207.56,82.00,45.72,289.78,172.80,111.79,11.13,1885.91,116.88,88.76,157.98,11.40,101.73,141.63,152.54,89.19,200.78,131.33,96.87,39.38,1147.24,30.58,8.41,33.45,136.42,76.46,325.21,294.68,380.87,247.99,242.05,23.94,88.48,119.87,127.42,331.15,40.07,36.09,45.55,45.62,16.39,224.42,180.53,7.50,15.92,39.80,62.30,11.76,45.65
7/19/2019,202.59,166.46,306.87,169.31,1964.52,208.10,82.00,45.14,290.00,172.99,112.25,11.13,1882.09,116.08,90.65,156.75,11.37,101.21,139.85,152.48,87.50,198.36,129.74,95.39,39.74,1131.55,30.99,8.32,35.06,136.62,76.02,315.10,289.74,382.18,243.78,232.81,23.40,87.99,118.63,124.63,330.00,40.44,35.05,45.73,46.33,16.25,221.02,179.24,7.51,16.11,40.39,62.86,11.46,45.97
7/22/2019,207.22,167.14,308.55,170.36,1985.63,211.50,82.23,45.57,296.15,174.00,111.70,11.10,1893.70,115.27,91.72,157.70,11.08,101.54,140.84,151.11,88.14,202.32,131.09,95.30,40.00,1139.21,30.66,8.35,34.57,138.43,76.79,310.62,293.81,372.75,242.96,233.93,23.20,89.71,118.69,124.83,335.24,39.88,35.34,45.51,45.78,16.20,220.54,180.57,7.41,15.94,39.70,63.65,11.54,46.14
7/23/2019,208.84,167.91,307.88,169.74,1994.49,213.24,84.66,45.92,300.78,178.09,115.14,11.79,1900.25,115.71,94.34,156.25,11.17,100.88,141.26,150.13,88.22,202.36,131.06,95.30,40.47,1148.05,31.85,8.46,35.97,139.29,76.34,307.30,291.01,369.00,245.06,231.89,23.18,90.60,120.22,125.63,330.22,40.61,36.08,46.16,45.91,16.10,219.47,180.90,7.56,16.20,40.89,64.27,11.52,45.91
7/24/2019,208.67,167.21,310.27,173.51,2000.81,214.95,85.48,46.86,303.77,178.67,116.38,11.93,1919.25,113.25,96.92,159.75,11.47,100.72,141.29,156.96,89.78,204.66,130.12,94.17,40.80,1139.73,32.20,8.37,35.67,140.72,78.03,317.94,297.21,368.23,245.16,235.13,23.72,91.60,121.30,127.61,329.57,41.02,36.59,46.90,46.79,16.15,223.72,183.33,7.93,16.40,41.28,63.59,11.69,47.09
7/25/2019,207.02,167.06,308.73,169.92,1973.82,213.24,85.57,47.19,300.39,177.29,114.47,11.50,1926.13,113.68,95.90,159.35,11.46,95.07,143.21,152.07,89.16,200.71,132.48,96.36,39.61,1135.94,31.83,8.35,35.76,140.19,77.70,326.46,285.73,369.60,240.08,235.12,23.76,72.90,115.12,125.39,333.34,40.37,36.51,47.17,47.65,15.72,228.76,181.59,7.87,16.38,40.24,63.03,11.79,47.27
7/26/2019,207.74,169.27,311.27,167.99,1943.05,213.15,85.24,47.99,300.92,178.74,114.22,11.31,1966.85,112.49,98.08,159.97,11.75,95.59,144.65,154.71,89.51,199.75,135.61,102.30,40.15,1245.22,31.55,8.32,34.80,141.34,77.19,335.78,289.33,370.00,238.96,235.20,23.98,73.36,115.49,126.99,336.54,40.33,36.60,47.36,47.35,15.88,232.58,183.69,7.93,18.25,40.07,63.96,11.87,47.02
7/29/2019,209.68,167.91,307.22,162.77,1912.45,210.66,84.43,48.45,301.74,177.02,113.45,11.58,1919.55,111.88,96.92,156.21,11.77,95.31,146.39,154.60,88.87,195.94,136.71,104.64,39.99,1241.84,31.39,8.30,34.38,141.03,76.54,332.70,285.84,370.56,230.82,229.61,23.79,70.47,111.45,126.43,319.71,40.36,36.35,47.53,47.59,15.83,232.48,183.21,7.94,18.45,40.16,64.28,11.89,46.61
7/30/2019,208.78,165.00,303.64,160.29,1898.53,207.80,84.06,48.29,299.56,174.10,112.75,11.55,1916.59,111.43,91.21,156.96,12.11,95.13,144.93,152.85,88.57,197.04,133.69,103.91,40.84,1228.00,30.42,8.31,34.47,140.35,75.05,325.93,281.00,373.75,232.78,228.62,23.62,69.06,112.04,123.00,314.30,40.08,36.19,47.17,47.70,15.83,233.26,181.53,7.70,18.39,39.92,63.44,11.87,45.64
7/31/2019,213.04,166.52,298.86,156.17,1866.78,203.12,85.00,48.74,289.99,173.11,111.70,11.41,1886.61,111.95,92.42,154.50,12.09,94.24,143.01,153.66,92.50,194.23,133.25,105.43,41.18,1218.20,29.91,8.17,33.97,136.27,75.29,322.99,277.39,369.32,230.82,240.75,23.33,67.78,110.40,123.03,317.88,39.12,35.88,46.50,47.04,15.96,233.35,178.00,7.60,18.12,39.17,63.02,11.88,46.13
8/1/2019,208.43,164.30,298.44,153.47,1855.32,201.21,85.00,50.19,285.34,165.65,109.21,11.20,1879.86,110.79,91.30,150.81,12.06,94.25,141.85,154.54,94.60,192.73,131.21,104.66,40.19,1211.78,28.61,8.00,31.74,138.06,75.44,319.50,274.00,385.97,224.94,237.88,23.49,67.81,110.80,123.07,341.39,37.36,35.52,45.68,47.27,15.95,246.84,179.17,7.32,18.30,37.30,62.35,11.85,52.57
8/2/2019,204.02,164.27,293.71,147.76,1823.24,195.35,81.55,49.02,278.53,161.00,107.76,11.27,1846.08,111.74,89.85,145.70,12.02,93.54,141.71,149.72,92.89,189.02,130.16,104.32,39.87,1196.32,28.01,7.93,31.01,136.90,75.19,318.83,265.86,378.08,219.70,236.52,22.84,67.27,107.09,121.68,332.19,37.30,35.06,44.89,45.46,16.02,248.75,177.42,7.20,18.32,37.76,62.57,11.40,48.43
8/5/2019,193.34,159.75,280.36,143.57,1765.13,190.15,78.97,46.10,267.66,153.67,100.15,11.02,1788.60,108.09,86.62,142.82,11.79,92.03,138.30,144.39,88.59,181.73,125.95,100.45,36.68,1154.75,26.17,7.80,29.31,132.21,71.41,307.63,256.81,370.90,211.88,221.17,21.81,64.83,103.60,118.73,321.39,34.41,33.74,42.33,43.42,15.45,241.25,168.86,6.60,17.89,34.89,62.00,11.06,47.82
8/6/2019,197.00,163.39,286.21,143.67,1787.83,198.34,80.11,46.59,266.44,157.43,99.68,10.71,1786.52,108.22,88.30,142.80,11.95,91.61,141.87,143.47,90.10,184.51,130.92,103.02,36.14,1171.08,26.48,7.86,29.59,134.69,73.91,310.10,261.71,365.51,212.67,225.31,21.82,65.53,105.03,117.65,332.67,35.23,34.27,42.79,43.02,15.71,246.39,172.48,6.70,17.86,36.14,62.99,10.99,48.83
8/7/2019,199.04,164.47,289.02,144.17,1793.40,201.89,79.01,48.10,270.05,159.17,99.19,11.64,1821.56,109.32,87.95,141.64,11.58,91.40,134.86,145.17,92.27,185.15,134.48,104.97,37.74,1175.91,26.57,7.90,29.78,135.28,91.77,304.29,260.69,369.33,215.87,231.20,22.07,65.08,106.63,120.47,341.31,35.21,34.41,43.40,43.18,15.82,250.28,175.32,6.66,17.98,36.09,63.15,11.08,48.59
8/8/2019,203.43,170.32,297.78,152.09,1832.89,211.33,78.28,49.33,270.98,162.22,99.89,11.75,1941.01,111.70,88.76,143.82,10.70,92.42,137.89,147.76,95.23,190.16,136.39,105.43,38.80,1206.19,27.54,7.88,31.28,138.89,87.17,315.90,267.11,371.06,238.02,240.47,22.72,66.96,106.79,121.52,357.81,35.71,35.01,43.84,43.68,16.01,255.77,179.90,6.75,18.20,36.75,63.14,11.10,48.04
8/9/2019,200.99,167.73,294.83,151.34,1807.58,208.27,76.57,48.06,275.73,159.12,97.36,11.43,1917.69,111.04,87.71,143.37,10.78,91.98,138.52,145.51,91.97,187.85,136.50,105.30,38.42,1188.90,27.10,7.84,31.59,137.71,85.63,308.93,263.82,373.58,242.90,240.62,22.34,66.48,104.82,119.75,369.95,34.52,35.26,42.99,43.15,15.75,255.54,179.05,6.49,18.01,35.53,62.90,11.83,47.32
8/12/2019,200.48,165.87,288.65,148.87,1784.92,207.04,77.29,47.08,275.64,158.75,95.08,11.05,1916.89,109.43,85.54,140.72,11.20,91.22,135.56,143.96,91.77,185.37,132.47,104.21,38.57,1174.50,27.16,7.82,31.39,135.79,82.64,310.83,258.75,374.21,235.14,239.11,21.85,64.65,102.72,119.04,366.73,35.43,33.90,42.77,43.33,15.06,251.75,176.34,6.35,17.85,35.53,62.32,11.72,47.03
8/13/2019,208.97,168.71,293.17,151.81,1824.34,213.42,80.05,48.13,283.70,164.03,97.38,11.31,1943.19,110.62,87.21,143.88,11.48,92.30,137.01,145.30,92.34,188.45,134.85,105.78,40.90,1196.73,30.66,7.87,32.56,138.60,80.60,312.28,262.19,360.04,260.85,243.58,22.00,65.80,106.04,120.93,369.23,35.79,34.68,43.36,42.56,15.23,254.85,178.61,6.57,18.12,36.47,62.79,11.76,47.98
8/14/2019,202.75,163.84,283.66,146.92,1762.96,205.06,78.10,45.26,271.56,162.06,94.85,11.03,1891.19,107.51,83.45,139.72,11.29,91.29,132.85,140.38,88.10,179.71,130.68,102.40,39.01,1164.25,29.63,7.71,31.27,133.98,79.53,299.11,252.31,378.40,262.13,232.30,21.49,63.93,103.27,116.87,352.80,35.15,32.84,41.48,43.34,14.75,251.23,173.51,6.26,17.90,35.01,62.00,11.52,45.75
8/15/2019,201.74,165.07,282.71,142.92,1776.12,204.12,78.68,45.51,268.64,166.97,94.35,11.16,1904.67,107.64,83.67,142.13,10.56,91.51,133.41,138.83,87.88,182.59,134.94,105.49,38.90,1169.32,30.16,7.54,31.97,133.68,82.47,295.76,252.29,375.94,254.72,235.14,23.75,63.71,104.95,117.16,351.07,35.66,32.76,41.78,42.14,14.53,253.12,176.27,7.20,17.89,35.36,62.30,11.35,43.32
8/16/2019,206.50,167.02,287.45,144.13,1792.57,209.57,80.93,46.66,273.78,174.60,96.70,11.59,1922.19,108.12,85.50,143.89,11.21,92.44,135.20,141.44,89.56,183.70,138.31,107.26,40.70,1179.21,31.29,7.69,33.09,136.13,84.51,302.80,256.91,373.75,258.48,241.42,24.32,65.38,106.16,118.98,358.74,37.65,33.43,41.88,41.61,14.96,254.30,178.23,7.91,18.34,37.08,63.04,11.57,43.61
8/19/2019,210.35,168.96,287.97,146.18,1816.12,212.99,84.81,47.92,278.78,178.28,104.22,11.76,1943.73,108.77,86.97,143.67,11.53,92.51,135.29,142.13,90.91,186.17,138.89,107.75,41.85,1200.44,31.58,7.59,34.46,138.41,82.92,309.38,255.51,374.77,262.25,243.66,24.55,66.89,107.67,119.70,361.83,43.45,33.46,42.74,42.92,14.64,256.00,179.74,8.33,18.25,42.31,62.36,11.64,45.33
8/20/2019,210.36,167.88,285.71,146.56,1801.38,213.18,85.26,48.80,280.37,177.21,108.72,11.31,1934.40,108.47,85.22,145.54,11.26,91.89,135.13,142.90,92.70,183.81,139.62,106.99,41.39,1183.53,31.42,7.65,33.00,137.26,83.17,298.99,255.28,376.33,249.11,246.97,24.93,66.61,107.37,117.99,374.97,42.34,32.94,42.22,42.51,14.55,254.86,179.24,8.61,17.93,42.19,62.19,11.47,45.76
8/21/2019,212.64,169.69,291.53,145.95,1823.54,218.04,81.72,49.04,287.50,175.24,107.90,11.40,1955.75,109.21,86.02,147.38,11.35,92.71,135.76,146.72,94.04,183.55,138.20,107.56,42.69,1191.58,30.74,7.81,33.46,138.79,85.35,297.81,265.78,377.38,253.36,251.90,25.58,67.92,109.82,121.24,389.83,42.07,33.04,42.50,42.41,14.73,257.85,180.94,8.46,18.21,41.43,61.68,11.59,47.69
8/22/2019,212.46,169.53,287.69,145.21,1805.60,217.10,79.50,49.08,287.62,171.91,105.45,10.67,1952.47,108.98,85.73,148.24,11.57,92.99,136.08,141.44,94.62,182.04,137.97,108.16,41.23,1191.52,29.49,7.84,32.89,137.78,86.48,296.93,264.64,377.57,247.11,248.60,25.47,67.37,108.77,119.47,388.54,41.54,32.88,42.10,42.22,14.49,258.59,180.09,8.02,18.35,40.19,62.05,11.77,47.46
8/23/2019,202.64,164.80,282.44,143.99,1749.62,210.71,79.03,47.33,272.13,164.54,101.85,11.16,1898.67,106.80,83.11,151.57,11.21,91.46,131.67,141.64,92.91,177.75,134.47,104.68,40.14,1153.58,28.77,7.79,31.83,133.39,85.46,291.44,263.07,389.00,247.23,248.91,25.11,65.12,106.04,117.52,382.75,40.19,31.55,41.36,42.61,14.21,253.42,175.23,7.85,18.29,39.62,61.51,11.70,48.62
8/26/2019,206.49,166.81,288.74,147.80,1768.87,211.80,79.49,48.69,277.22,165.90,103.80,11.17,1916.81,106.52,84.28,155.14,11.60,92.19,134.61,141.99,94.38,180.36,135.65,106.38,40.36,1171.18,29.74,8.04,32.73,135.45,85.93,294.98,266.57,375.00,248.93,252.68,25.60,65.26,107.66,118.80,395.96,40.48,31.83,41.26,41.55,14.05,257.26,177.59,7.81,18.39,40.31,60.66,11.63,48.00
8/27/2019,204.16,166.85,289.45,150.21,1761.83,211.04,83.77,51.09,275.57,166.20,103.84,12.56,1919.99,106.72,83.11,153.57,11.36,92.41,134.49,142.54,94.06,181.30,136.73,106.98,40.51,1170.82,29.92,7.84,33.19,135.74,84.83,291.03,266.21,380.52,256.54,255.10,25.19,64.92,107.45,119.95,406.99,40.50,31.39,41.24,41.57,14.19,254.63,178.38,7.90,18.46,40.35,60.61,11.65,47.89
8/28/2019,205.53,167.22,282.13,140.08,1764.25,204.14,86.50,50.21,276.06,167.48,103.59,12.53,1942.00,105.78,84.59,151.83,11.56,92.12,136.55,139.76,92.40,181.76,137.01,106.75,40.72,1173.75,30.30,8.00,34.93,135.56,85.00,291.77,260.32,380.50,250.49,253.23,25.57,64.93,107.47,118.41,394.80,40.50,31.97,40.58,40.67,14.17,254.50,178.67,8.13,18.68,40.76,60.43,11.62,48.10
8/29/2019,209.01,169.44,286.63,142.63,1786.40,209.18,86.30,50.96,283.37,172.81,104.83,12.61,1957.14,107.46,86.22,155.93,11.31,92.76,137.84,140.07,93.03,185.57,137.33,107.64,40.49,1194.24,30.74,7.98,35.78,138.12,85.60,296.78,264.79,378.62,253.68,254.10,25.66,65.67,109.21,119.88,391.71,40.93,32.26,40.90,40.82,14.59,256.05,181.17,8.37,18.92,41.61,60.14,11.87,48.76
8/30/2019,208.74,169.84,284.51,142.82,1776.29,206.56,87.16,50.60,282.64,175.03,104.47,12.69,1966.41,107.70,86.62,156.07,11.38,92.98,137.26,141.16,93.68,185.67,136.22,106.94,40.34,1190.53,30.50,8.03,36.78,137.86,84.80,293.75,261.84,379.53,255.00,250.12,25.95,65.47,109.05,119.15,385.39,41.17,32.05,41.27,41.41,14.86,256.54,180.82,8.37,18.82,41.37,60.78,11.82,49.88
9/2/2019,208.74,169.84,284.51,142.82,1776.29,206.56,87.16,50.60,282.64,175.03,104.47,12.69,1966.41,107.70,86.62,156.07,11.38,92.98,137.26,140.25,93.68,185.67,136.22,106.94,40.34,1190.53,30.50,8.03,36.78,137.86,84.80,293.75,261.84,379.86,255.00,250.12,25.95,65.47,109.05,119.15,385.39,41.17,32.05,41.27,42.23,14.86,256.54,180.82,8.37,18.82,41.37,60.78,11.77,49.48
9/3/2019,205.70,167.21,282.45,141.15,1789.84,206.01,87.63,51.06,274.05,172.41,102.56,12.05,1941.78,106.53,85.35,152.73,11.52,92.90,136.31,140.39,94.83,182.39,136.57,105.84,39.76,1169.55,29.45,7.99,36.18,136.04,83.98,289.29,263.38,381.57,258.43,244.27,25.61,63.51,106.75,118.31,383.91,41.44,31.74,42.33,41.98,14.41,256.01,179.20,8.12,19.00,43.43,60.63,11.69,49.35
9/4/2019,209.19,169.71,284.60,144.34,1800.62,212.49,85.83,53.50,283.02,174.33,102.54,11.71,1958.79,106.26,85.96,152.46,11.66,93.17,137.89,141.89,97.95,187.14,137.72,106.29,41.13,1182.27,29.88,8.23,33.81,137.63,85.64,291.52,268.52,392.49,268.38,247.88,25.96,64.22,108.73,120.55,386.49,41.73,32.30,43.62,43.50,14.60,256.59,181.77,8.41,19.11,45.00,61.72,11.67,49.25
9/5/2019,213.28,173.27,287.75,148.22,1840.72,218.09,91.48,54.58,291.02,178.94,104.12,13.04,1994.44,108.00,88.32,153.77,11.86,94.35,138.84,142.18,97.45,190.90,139.05,108.70,41.63,1212.19,30.84,8.25,36.50,140.05,81.74,293.25,269.62,384.98,271.06,252.69,26.12,66.94,111.46,123.30,392.72,42.39,33.28,43.71,43.54,14.55,259.17,184.73,8.56,18.84,46.25,61.92,11.90,50.92
9/6/2019,213.26,173.25,284.94,150.35,1833.51,217.59,91.54,54.58,291.91,176.69,102.59,12.97,1967.63,107.44,88.19,151.07,11.80,94.41,139.55,142.79,98.53,187.49,137.67,108.62,42.07,1206.32,31.08,8.21,36.11,139.10,81.47,290.17,263.50,387.66,278.81,249.62,25.92,67.13,110.05,121.94,380.42,42.66,32.88,43.78,43.81,14.48,257.78,185.74,8.59,19.15,46.90,61.50,12.13,51.86
9/9/2019,214.17,168.05,279.30,151.02,1831.35,214.58,93.78,55.19,292.61,177.78,105.06,12.64,1992.25,109.89,90.96,149.54,11.96,94.97,138.83,139.19,98.68,188.76,133.84,106.68,40.99,1205.27,31.48,8.25,36.29,137.52,77.96,294.34,254.68,391.82,280.34,228.72,25.65,68.15,105.43,121.56,358.67,45.47,33.71,43.76,43.68,14.04,253.72,181.55,8.95,19.23,49.61,60.39,12.26,51.49
9/10/2019,216.70,164.33,276.14,148.05,1820.55,210.38,94.86,56.03,294.44,174.99,110.40,12.91,2018.76,111.28,91.83,149.65,12.60,95.76,135.79,138.76,99.50,186.17,131.36,103.69,40.48,1205.70,30.87,8.17,35.27,136.08,75.54,287.99,253.18,388.46,272.72,211.32,25.73,67.01,103.05,120.78,337.24,45.70,33.80,43.35,43.40,14.23,250.54,176.35,9.20,19.42,50.21,59.27,12.58,50.85
9/11/2019,223.59,161.14,277.78,154.67,1822.99,214.59,97.79,54.91,298.01,176.09,111.79,13.27,2050.16,112.61,92.09,154.09,13.31,96.50,136.19,140.31,99.11,188.49,131.29,102.00,42.17,1220.00,31.07,8.21,35.62,136.12,74.83,288.27,253.67,382.17,275.68,206.70,26.02,66.74,104.02,119.93,347.51,46.71,33.93,44.13,44.13,14.59,252.50,174.98,9.53,19.72,49.81,59.39,12.80,49.92
9/12/2019,223.09,160.41,278.02,155.69,1843.55,211.08,98.42,55.45,300.58,178.24,111.50,13.75,2041.41,111.32,92.91,154.75,13.53,96.53,137.50,142.63,98.34,187.47,133.44,103.89,43.19,1234.97,31.52,8.17,34.61,137.52,76.17,288.86,256.81,385.63,273.54,212.51,26.11,66.40,107.10,120.88,356.63,45.16,33.85,44.45,44.58,15.00,258.39,177.98,9.67,19.83,48.97,59.85,12.62,50.06
9/13/2019,218.75,159.74,278.35,153.48,1839.34,212.13,99.64,55.95,290.32,179.17,110.54,14.95,2063.90,111.88,93.62,152.98,12.90,95.95,138.02,145.04,98.48,187.19,130.88,102.60,43.27,1240.03,31.23,8.22,35.51,137.32,74.93,294.15,251.96,384.82,275.27,209.66,26.35,66.55,107.00,118.96,338.31,45.67,34.18,44.59,44.68,14.58,256.70,177.27,9.68,19.98,50.17,60.19,12.80,50.65
9/17/2019,220.70,158.83,284.69,153.67,1822.55,216.13,93.40,55.35,288.83,179.00,109.04,14.99,2077.44,110.69,93.83,152.82,12.81,95.72,136.31,144.79,98.42,188.08,134.41,104.82,43.06,1229.88,31.17,8.33,35.19,137.39,79.71,298.60,264.05,387.38,270.16,215.47,26.01,67.46,107.50,120.01,328.82,44.63,33.96,44.14,43.95,14.65,259.69,176.45,9.64,19.68,49.77,60.42,12.41,45.21
9/18/2019,222.77,157.77,279.72,151.11,1817.46,217.59,94.57,55.12,287.74,180.00,108.40,15.05,2058.37,111.09,93.90,152.77,12.80,96.72,136.80,146.27,98.28,188.14,132.89,104.34,43.40,1232.65,31.04,8.37,35.49,138.52,79.16,291.56,265.85,392.00,270.02,216.07,25.98,67.00,105.60,119.68,325.85,43.88,34.08,43.47,43.85,14.37,260.66,175.29,9.57,19.47,49.01,60.10,12.57,45.04
9/19/2019,220.96,159.35,281.26,153.38,1821.50,219.05,92.60,55.01,290.64,180.46,107.77,15.01,2058.57,108.18,93.27,153.60,12.81,96.45,133.30,143.33,99.69,190.14,133.90,104.91,44.25,1238.75,31.05,8.34,36.36,141.07,79.24,286.60,268.74,391.50,271.23,219.32,26.23,67.58,106.12,119.81,325.00,43.58,34.04,43.16,43.21,14.28,259.30,175.96,9.81,19.96,49.41,59.77,12.60,44.64
9/20/2019,217.73,159.30,277.91,153.34,1794.16,216.57,91.86,54.76,284.26,182.51,105.16,15.01,2031.57,108.90,92.74,155.20,12.52,96.97,132.27,144.31,98.70,189.93,131.81,104.08,43.60,1229.84,30.94,8.36,35.28,139.44,78.68,270.75,271.17,396.52,269.44,215.96,26.30,67.72,104.64,119.40,318.82,42.56,33.86,42.77,43.11,14.24,258.32,174.06,9.75,19.85,47.83,60.64,12.63,43.93
9/23/2019,218.72,159.70,277.44,152.37,1785.30,216.73,93.66,54.18,285.46,176.98,102.37,15.14,2009.41,108.44,92.85,154.65,12.92,96.25,132.46,139.49,98.18,186.82,131.52,105.04,42.74,1234.69,30.33,8.33,34.72,139.14,78.16,265.92,267.00,398.17,266.70,217.44,26.33,67.51,105.11,118.90,313.26,42.15,34.12,42.87,42.84,14.17,259.96,174.91,9.43,19.81,47.57,58.79,12.42,43.69
9/24/2019,217.68,160.03,272.47,149.13,1741.61,213.86,90.90,53.96,282.31,171.55,97.61,15.01,1990.64,106.17,91.35,152.05,12.73,95.16,131.97,138.57,97.36,181.28,132.90,103.76,42.49,1218.33,29.41,8.18,32.78,137.38,72.83,254.59,257.50,393.75,263.10,208.93,25.85,66.40,103.69,118.68,295.47,40.99,33.67,42.27,42.81,14.06,256.66,174.48,9.20,19.82,45.61,58.86,12.31,43.52
9/25/2019,221.03,161.68,277.43,147.43,1768.33,215.64,91.33,54.94,275.77,176.66,102.80,15.30,1993.53,107.75,91.29,152.99,12.92,95.97,133.09,137.86,97.63,182.80,133.53,103.94,42.52,1245.94,29.99,8.22,33.39,139.36,71.44,264.75,259.38,378.46,265.32,211.26,26.17,66.98,104.14,117.26,314.60,41.45,33.85,42.25,41.89,14.23,262.96,175.28,9.27,19.84,46.74,58.68,12.22,44.25
9/26/2019,219.89,163.27,283.81,149.07,1739.84,220.08,91.73,54.22,276.91,175.00,105.07,15.25,1978.45,109.12,91.13,152.34,12.54,95.84,131.27,143.30,96.62,180.11,133.42,105.07,42.14,1242.29,29.58,8.11,33.14,139.54,71.44,263.31,257.99,377.27,273.35,212.30,26.41,67.36,104.55,117.66,313.14,40.00,33.66,41.99,42.40,14.41,263.19,175.65,9.29,20.05,45.98,58.25,12.19,44.70
9/27/2019,218.82,160.43,277.54,145.19,1725.45,217.09,86.12,52.33,274.14,165.98,101.21,15.02,1944.25,108.17,91.34,148.26,12.39,95.81,129.96,144.17,95.67,177.10,130.68,102.61,39.41,1225.95,27.82,8.21,31.22,137.73,72.41,263.08,250.26,374.46,260.69,206.40,25.90,67.39,102.20,117.44,305.69,38.49,33.62,40.89,42.03,14.36,256.26,174.00,8.94,19.83,44.55,58.90,12.32,44.81
9/30/2019,223.97,161.42,276.25,147.70,1735.91,221.36,83.13,52.92,276.07,167.23,102.76,14.97,1962.61,109.50,90.98,148.44,12.48,96.52,130.32,142.55,97.82,178.08,132.76,103.59,40.08,1221.14,28.21,8.10,30.98,139.03,71.44,267.62,253.85,370.18,266.18,209.49,26.12,68.18,103.59,117.87,311.66,39.19,34.09,41.63,42.12,14.36,262.50,172.01,8.92,19.91,44.75,58.75,12.55,45.67
10/1/2019,224.59,160.43,272.71,145.71,1735.65,216.73,84.37,52.90,274.85,165.15,102.00,15.00,1978.03,107.43,89.07,147.69,12.13,96.03,129.55,140.72,96.75,175.81,131.26,103.15,40.17,1206.00,28.19,8.02,31.45,137.07,72.96,269.58,250.13,378.61,262.75,207.94,25.75,66.04,102.53,117.15,313.22,38.85,33.15,41.48,42.12,14.09,262.01,174.29,8.90,19.40,44.56,58.52,12.46,45.61
10/2/2019,218.96,156.62,266.66,142.84,1713.23,216.04,82.22,52.25,270.07,165.77,102.62,15.07,1941.44,107.95,86.25,144.22,11.53,95.18,129.14,138.73,94.25,174.60,129.38,100.96,39.54,1177.92,28.06,7.96,32.60,134.65,72.37,268.03,246.85,382.17,260.15,204.57,25.32,64.48,99.73,113.66,310.36,38.49,32.17,41.09,41.44,13.88,257.86,169.83,8.99,19.08,43.92,58.02,12.10,44.06
10/3/2019,220.82,157.54,272.40,144.77,1724.42,220.24,84.65,54.07,274.43,169.48,104.32,15.19,1961.45,107.90,85.83,147.00,11.50,95.69,128.15,141.86,94.34,179.38,129.88,103.05,40.80,1189.43,28.80,7.98,33.34,136.28,75.00,268.15,257.37,377.77,262.97,209.13,25.41,65.22,101.03,115.11,325.57,39.60,32.25,41.68,41.46,13.97,262.07,172.87,9.13,19.27,46.20,57.35,11.80,44.16
10/4/2019,227.01,159.17,276.96,146.89,1739.65,224.63,82.15,55.44,281.43,170.34,104.47,15.03,1983.20,111.00,87.32,148.03,11.54,96.51,130.27,144.31,95.61,180.45,131.41,105.70,41.33,1210.96,28.99,8.07,33.40,138.12,74.43,272.79,266.48,383.21,263.63,214.29,25.61,65.65,102.79,115.37,327.20,40.60,32.64,41.42,41.17,14.21,262.29,175.98,9.17,19.48,47.57,59.00,12.01,45.17
10/7/2019,227.06,158.89,276.90,147.56,1732.66,223.12,80.88,55.41,276.08,168.32,101.47,15.16,1951.56,110.91,86.88,148.80,11.49,96.80,130.90,146.01,93.57,179.68,130.57,104.59,40.89,1208.25,28.85,8.06,32.96,137.12,77.97,274.46,268.15,377.85,264.39,214.30,25.75,64.55,101.62,114.53,326.32,40.50,32.42,41.00,41.18,13.86,260.10,174.90,9.06,19.76,48.20,59.12,11.95,45.60
10/8/2019,224.40,156.32,270.83,145.65,1705.51,216.63,80.03,54.13,270.33,161.93,99.53,15.16,1938.19,109.39,84.40,145.91,11.35,95.78,128.47,145.97,92.54,177.75,129.53,103.11,38.52,1190.13,27.73,7.88,31.79,135.67,75.54,270.72,258.13,379.98,254.64,207.60,25.44,62.71,99.33,112.90,311.05,40.17,31.40,40.66,41.29,13.84,260.48,172.42,8.71,19.62,46.27,59.22,11.78,45.08
10/9/2019,227.03,158.46,274.27,148.37,1721.99,220.49,82.44,53.43,273.15,165.19,99.90,15.24,1943.33,110.16,85.69,147.05,11.42,96.59,129.33,147.69,92.88,179.85,131.63,104.70,39.15,1202.40,28.38,8.36,32.38,138.24,75.96,267.53,262.02,381.85,256.41,215.31,25.55,63.23,99.89,116.05,313.85,40.01,32.15,40.56,40.56,13.90,265.31,174.88,8.67,19.61,46.79,59.68,11.80,45.24
10/10/2019,230.09,160.72,274.98,144.73,1720.26,220.67,82.45,53.69,274.45,166.07,103.85,15.32,1962.91,109.48,87.03,146.41,11.63,96.96,129.34,148.16,92.53,180.03,131.54,105.14,40.06,1209.47,28.58,8.20,33.19,139.10,76.02,280.48,263.18,374.97,258.96,214.18,25.62,62.99,100.54,115.25,324.47,40.11,32.49,40.93,40.63,13.89,264.34,174.88,8.80,20.09,47.72,59.53,11.76,44.99
10/11/2019,236.21,162.52,278.29,150.32,1731.92,224.16,84.75,54.82,280.91,172.94,104.66,15.31,1977.18,111.26,88.82,149.37,11.73,98.22,130.02,152.21,94.19,184.19,132.03,105.68,41.85,1215.71,29.71,8.37,33.81,139.68,74.10,282.93,270.33,369.26,268.79,220.03,26.04,64.46,101.58,126.20,329.26,40.88,33.04,41.61,41.42,14.17,268.24,177.06,9.02,20.22,48.52,59.97,11.58,45.70
10/14/2019,235.87,162.46,277.78,150.27,1736.43,225.26,82.16,55.01,281.66,171.16,105.46,15.37,1988.75,108.74,88.61,149.37,11.81,98.29,129.70,152.05,93.88,183.28,132.74,106.02,41.61,1217.77,29.83,8.19,34.14,139.55,74.00,285.53,269.44,367.76,276.59,220.40,25.77,65.43,101.75,126.05,344.30,40.72,33.12,41.49,41.84,13.88,268.38,177.36,9.04,20.18,48.57,60.02,12.10,45.89
10/15/2019,235.32,164.12,279.39,150.00,1767.38,226.82,84.91,55.56,290.32,175.29,107.20,15.35,2016.39,108.90,90.13,152.74,12.11,99.45,129.76,153.58,95.15,188.89,132.81,106.89,41.46,1242.24,31.00,8.33,34.50,141.58,75.25,284.25,274.24,370.40,286.29,220.88,26.07,65.00,103.59,127.18,346.08,40.80,33.69,42.09,41.91,13.53,269.69,178.75,9.11,20.54,49.32,59.76,11.99,46.40
10/16/2019,234.37,164.16,272.70,145.38,1777.43,222.18,84.73,55.59,288.48,177.12,108.28,15.37,2027.63,108.20,89.94,146.97,12.17,99.93,130.86,154.13,96.22,189.55,131.76,106.55,41.77,1243.00,31.24,8.23,34.99,140.41,76.62,286.28,254.60,368.93,294.77,212.11,25.68,64.73,103.09,128.72,323.64,41.59,33.49,41.88,42.19,13.72,263.29,177.87,9.54,20.58,50.99,60.51,11.88,46.87
10/17/2019,235.28,163.83,269.24,144.27,1787.48,220.87,85.12,55.59,289.43,176.85,107.65,15.30,2028.53,108.05,90.01,146.17,12.04,100.79,132.37,152.52,96.76,190.39,130.53,106.19,41.88,1252.80,30.74,8.23,34.59,139.69,75.80,293.35,254.31,359.10,288.85,210.19,25.75,64.45,103.63,128.60,331.34,41.32,33.98,42.05,42.19,13.80,268.03,177.94,9.74,20.66,50.25,63.81,11.80,46.98
10/18/2019,236.41,163.54,265.52,139.67,1757.51,218.43,82.95,54.54,286.73,169.13,103.74,15.29,2013.53,107.41,89.80,144.09,12.44,101.52,130.89,151.40,95.13,185.85,128.33,105.67,40.52,1244.41,29.93,8.24,33.07,137.41,71.55,275.30,243.00,355.31,286.03,202.98,25.67,64.38,101.22,129.13,314.34,39.70,34.29,41.65,42.19,13.90,263.23,175.71,9.43,20.61,47.55,62.90,11.81,46.25
10/21/2019,240.51,162.03,266.84,141.49,1785.66,218.78,85.00,55.51,289.57,173.52,104.36,15.29,2022.24,107.39,91.32,144.55,12.41,103.19,130.26,151.65,95.81,189.76,128.83,104.44,41.21,1244.28,31.03,8.30,34.39,138.43,72.97,278.05,240.90,355.53,281.38,206.03,25.76,66.12,101.44,132.71,319.73,40.17,35.06,41.55,41.41,14.03,263.28,176.43,9.76,20.55,49.11,62.33,11.78,46.28
10/22/2019,239.96,159.49,261.09,140.07,1765.73,214.32,85.90,54.52,287.46,169.89,103.63,15.30,2023.05,106.64,92.16,142.33,12.81,104.10,132.40,148.84,94.30,182.34,125.44,100.79,39.87,1241.20,30.27,8.35,33.48,136.37,71.28,266.69,228.34,354.95,274.26,190.60,25.56,65.94,97.36,131.80,299.69,39.95,34.97,41.29,41.77,14.24,260.14,170.86,9.65,20.73,48.68,61.42,11.87,46.47
10/23/2019,243.18,160.04,261.32,141.93,1762.17,216.08,85.47,54.80,280.32,169.92,104.15,15.21,2032.23,107.34,92.79,145.13,13.09,103.67,131.13,148.46,95.71,186.15,126.97,101.10,40.70,1257.63,30.76,8.46,33.47,137.24,73.46,271.27,220.01,351.30,270.85,194.61,25.38,66.89,96.64,131.66,297.14,39.84,35.09,40.59,40.80,14.48,258.08,171.32,9.76,20.96,47.97,62.29,11.85,45.85
10/24/2019,243.58,162.54,269.70,145.37,1780.78,221.52,86.51,55.44,282.31,172.55,103.69,15.22,2043.75,108.50,91.98,148.12,12.77,107.77,130.26,147.70,95.98,186.38,129.21,103.45,41.65,1259.11,30.72,8.63,33.96,139.94,73.86,271.50,237.78,348.40,282.88,203.50,25.59,69.95,104.91,131.79,323.34,40.14,35.01,40.39,40.68,14.47,262.80,176.16,10.04,20.65,48.34,61.96,11.86,46.18
10/25/2019,246.58,161.96,270.98,145.54,1761.33,220.25,85.55,55.26,289.82,174.31,103.87,15.20,2055.93,108.32,93.25,150.49,12.89,105.64,130.90,148.97,96.31,187.89,129.32,102.51,41.69,1264.30,31.16,8.74,33.98,140.73,73.94,276.82,241.22,338.16,281.16,209.67,25.75,67.75,107.19,131.87,317.45,40.55,35.29,40.62,40.39,14.39,260.93,177.85,11.47,20.50,49.21,61.17,12.52,45.81
10/28/2019,249.05,162.48,271.35,146.99,1777.08,223.63,87.10,54.56,291.55,178.68,104.86,15.15,2057.05,109.02,95.17,154.79,12.93,106.87,130.53,150.69,96.72,189.40,130.22,102.46,42.31,1288.98,31.73,8.95,34.79,144.19,73.85,281.86,244.70,340.70,283.67,209.08,26.21,67.41,106.60,132.77,324.93,41.73,35.68,41.10,41.08,14.42,262.32,179.84,11.69,20.57,50.01,61.10,12.52,46.87
10/29/2019,243.29,162.83,271.45,145.59,1762.71,222.30,86.04,54.00,288.16,176.89,102.90,15.11,2042.80,113.11,94.46,155.09,12.84,107.17,129.48,150.02,94.41,189.31,130.74,105.35,41.77,1260.66,31.78,9.03,34.15,142.83,72.79,281.21,241.04,346.84,283.31,209.16,26.53,64.21,105.00,131.74,312.52,40.72,35.79,40.15,40.44,14.24,264.38,177.63,11.66,20.33,49.36,61.74,12.72,45.75
10/30/2019,243.26,164.15,278.41,148.78,1779.99,225.19,84.14,55.87,290.24,177.53,102.93,15.08,2049.55,112.15,94.53,158.28,12.89,108.82,129.60,152.07,96.72,188.25,131.96,106.30,41.91,1260.70,31.69,9.12,33.64,144.61,73.73,291.45,249.95,353.49,286.14,213.00,26.63,66.82,106.50,133.23,319.12,40.05,35.59,40.37,40.33,14.44,269.14,179.25,11.96,20.29,49.16,61.82,12.54,46.43
10/31/2019,248.76,162.23,277.93,147.36,1776.66,220.15,84.56,56.03,292.85,176.67,101.85,15.13,2048.77,112.41,93.25,156.49,12.94,108.86,129.92,151.57,96.40,191.65,131.76,106.14,41.68,1258.80,31.15,8.95,33.52,143.37,72.99,287.41,247.26,356.85,285.86,211.53,26.54,66.91,104.10,132.58,313.57,39.60,35.37,40.50,40.93,14.15,268.52,178.86,11.54,20.42,49.19,61.84,12.46,43.36
11/1/2019,255.82,162.98,277.82,150.25,1791.44,220.00,87.92,55.82,296.59,176.46,104.64,15.33,2032.02,112.12,95.25,159.74,13.32,109.54,132.75,151.33,95.30,193.62,134.15,106.85,41.79,1272.25,31.49,9.13,34.64,143.72,73.00,286.81,253.03,384.15,289.54,214.31,27.21,69.60,104.98,133.69,316.76,41.20,35.74,41.09,41.03,14.28,271.97,180.93,11.42,20.47,50.79,62.21,12.49,43.95
11/4/2019,257.50,161.88,277.50,151.27,1804.66,217.47,89.58,55.71,305.00,179.69,109.62,15.36,2007.68,111.55,96.17,157.60,13.65,109.25,132.92,151.76,98.15,194.72,131.00,105.29,42.86,1289.61,33.12,9.17,38.02,144.55,71.21,292.86,245.80,383.60,307.72,212.05,27.06,70.76,102.81,134.47,307.91,43.40,36.20,41.97,41.81,14.64,269.83,178.95,11.66,20.54,52.54,61.98,12.73,44.60
11/5/2019,257.13,157.01,289.29,151.73,1801.71,217.96,77.50,55.54,314.04,182.00,108.05,15.32,2025.43,113.39,97.30,158.15,13.67,108.79,131.45,151.06,98.26,194.32,132.19,104.00,42.87,1291.44,32.98,9.16,37.43,144.46,68.77,288.03,241.86,393.54,294.04,212.80,26.92,73.17,100.99,133.56,295.50,42.52,36.28,42.38,42.49,14.79,271.84,176.37,11.60,20.85,52.33,61.12,12.80,43.52
11/6/2019,257.24,159.66,287.40,151.51,1795.77,218.73,69.08,56.36,313.16,184.16,107.36,15.27,2012.09,113.74,97.04,158.93,13.36,109.59,131.27,151.11,98.67,191.55,130.89,104.91,42.60,1291.01,32.87,9.32,37.22,144.06,67.04,288.59,241.35,386.71,299.31,213.56,27.02,71.77,100.63,135.11,295.02,41.79,36.82,42.50,42.65,15.28,276.06,176.77,11.71,20.85,51.62,61.70,12.81,42.76
11/7/2019,259.43,162.10,290.77,151.82,1788.20,225.22,70.85,54.55,311.74,186.66,121.87,15.42,1849.93,114.59,97.70,159.50,14.88,110.11,132.96,151.78,97.23,190.42,132.35,109.65,43.45,1306.94,33.28,9.52,39.16,144.26,69.70,289.57,240.89,385.41,300.13,213.00,27.16,72.80,100.47,135.08,285.75,43.28,36.96,42.72,42.62,15.24,274.15,178.43,11.94,20.91,54.65,61.97,12.97,42.21
11/8/2019,260.14,162.73,292.46,152.96,1785.88,224.31,73.23,54.30,313.41,187.16,124.56,15.36,1879.19,115.42,97.26,161.11,14.79,110.73,137.96,150.99,98.27,190.84,130.69,110.61,42.92,1309.00,33.23,9.39,38.80,145.96,69.08,291.57,248.45,383.96,299.04,218.42,27.48,73.23,101.42,136.44,297.64,42.71,36.94,41.79,41.81,15.38,277.72,178.97,11.88,20.68,54.67,61.97,12.90,41.39
11/11/2019,262.20,163.42,290.27,152.92,1771.65,227.35,75.05,52.52,312.75,186.71,120.87,15.29,1896.04,115.87,97.01,161.78,15.06,111.31,136.74,153.21,96.39,189.61,132.36,110.25,42.06,1298.28,33.21,9.46,38.80,146.11,68.69,294.18,248.55,383.96,295.27,220.16,27.59,73.18,102.67,136.78,303.32,42.47,36.89,41.69,41.27,15.26,279.62,179.54,12.07,20.54,53.61,62.08,12.84,40.83
11/12/2019,261.96,166.36,291.72,158.06,1778.00,230.21,74.20,51.95,315.53,186.97,121.80,15.26,1875.84,115.70,97.21,162.86,14.62,111.43,138.58,153.86,96.33,194.47,132.62,110.65,43.05,1297.21,33.57,9.31,38.30,147.07,68.41,292.01,252.53,388.70,296.48,222.00,27.98,73.27,102.03,135.37,305.56,41.96,36.89,42.20,42.20,14.86,278.38,179.74,12.02,21.25,53.47,62.06,13.02,40.68
11/13/2019,264.47,168.98,293.54,159.21,1753.11,229.00,75.04,52.33,313.67,182.48,118.29,15.13,1859.09,115.82,96.31,162.60,14.89,111.94,148.72,154.40,96.00,193.19,133.82,111.33,42.92,1296.18,33.37,9.34,37.79,147.31,68.70,283.11,253.94,385.63,295.01,226.62,27.80,74.19,102.12,134.30,314.31,41.45,36.56,40.73,41.82,15.09,279.89,179.41,11.40,21.11,52.78,63.22,12.80,41.80
11/14/2019,262.64,170.14,294.53,158.14,1754.60,229.37,72.24,52.70,308.97,182.80,118.20,15.13,1865.55,116.28,96.64,163.05,14.89,111.39,147.15,154.37,97.54,193.15,135.50,114.10,44.54,1309.15,33.57,9.29,37.07,148.06,69.38,289.62,253.85,384.01,289.68,230.80,27.91,73.64,103.73,134.41,312.45,33.68,36.73,40.88,40.85,15.53,282.28,179.75,12.05,20.51,43.44,63.17,12.74,42.02
11/15/2019,265.76,171.17,297.50,161.75,1739.49,235.15,71.94,53.44,312.91,185.49,117.05,15.22,1848.82,116.40,97.38,163.21,14.97,112.59,144.67,154.38,97.54,195.10,135.82,113.91,44.35,1333.54,33.55,9.46,38.34,149.97,70.08,295.03,259.96,380.79,291.23,232.75,27.75,74.09,104.20,135.48,312.38,33.21,37.05,40.96,40.88,15.97,284.83,179.77,12.50,19.85,43.55,63.18,12.72,42.17
11/19/2019,266.29,171.09,300.60,164.53,1752.79,242.42,71.05,53.28,317.70,185.25,115.69,15.30,1845.30,117.31,97.07,163.96,15.08,113.33,148.38,154.68,96.69,199.32,137.66,116.04,45.25,1312.59,32.44,9.48,37.94,150.39,71.86,302.60,277.74,389.50,288.50,239.49,27.54,73.50,104.95,135.74,316.28,32.58,36.92,42.82,43.00,15.84,286.93,182.77,12.26,19.83,41.67,63.00,12.67,42.49
11/20/2019,263.19,170.58,300.10,165.33,1745.53,245.49,70.00,54.09,311.67,182.35,114.80,15.02,1851.82,116.58,96.51,164.20,14.87,112.92,146.93,156.55,98.12,197.51,137.47,115.35,46.02,1301.86,31.68,9.61,36.43,149.62,70.47,305.16,283.00,395.86,287.81,260.93,26.90,74.93,104.09,135.00,317.05,31.90,36.56,42.45,42.88,15.78,287.78,181.66,12.27,19.58,40.66,62.23,12.61,42.48
11/21/2019,262.01,169.86,298.80,165.05,1734.71,246.38,70.52,53.69,315.25,184.86,115.65,15.05,1873.31,116.27,96.77,162.88,14.85,113.24,146.90,155.58,99.01,197.93,136.47,114.08,46.39,1300.14,32.17,9.68,36.43,149.48,70.04,311.69,279.12,395.90,294.39,261.46,26.80,75.08,102.55,135.43,316.07,33.18,36.77,42.33,42.10,16.09,286.90,179.89,12.12,19.61,41.43,61.22,12.52,42.35
11/22/2019,261.78,169.65,299.30,167.01,1745.72,246.38,70.09,53.04,314.92,186.78,117.99,15.07,1877.53,117.12,98.10,162.81,14.97,113.75,148.29,154.83,99.19,198.82,135.46,113.92,46.49,1293.67,31.95,9.55,37.12,149.59,69.87,310.48,279.98,381.89,310.40,263.31,26.61,75.14,101.77,135.41,314.52,33.64,36.90,42.60,42.66,16.19,287.11,179.47,12.18,20.02,41.70,61.68,12.71,42.36
11/25/2019,266.37,170.20,305.28,168.88,1773.84,249.42,69.14,53.73,319.62,190.45,120.32,15.34,1897.54,117.16,99.86,161.71,14.91,114.04,149.69,155.49,99.80,199.79,136.88,114.74,47.10,1305.64,32.64,9.56,38.48,151.23,69.28,315.55,279.75,389.22,304.59,267.24,26.70,74.65,104.45,135.74,317.07,34.94,37.33,43.62,43.30,16.35,289.33,180.97,12.66,20.23,42.78,62.51,12.83,42.56
11/26/2019,264.29,171.62,307.90,170.80,1796.94,252.48,67.87,54.17,316.27,194.70,118.60,15.00,1887.46,117.32,99.22,162.54,14.29,113.97,151.64,157.83,99.28,198.97,137.54,116.22,47.24,1313.00,32.86,9.43,35.98,152.03,70.37,312.49,278.86,390.95,314.51,274.10,26.74,75.48,106.20,135.34,336.19,35.37,37.39,42.99,42.88,16.02,292.45,182.55,12.67,20.24,43.25,62.92,12.87,43.23
11/27/2019,267.84,171.48,309.06,180.18,1818.51,255.45,67.74,54.48,318.44,200.82,119.51,14.86,1906.45,118.64,100.25,161.51,14.55,113.52,151.48,157.53,100.79,202.00,138.43,116.32,47.20,1312.13,33.15,9.44,37.34,152.32,70.15,315.93,281.28,390.02,319.24,279.66,27.45,77.09,107.75,135.41,341.00,35.11,37.38,42.90,42.79,16.00,291.09,184.37,13.08,20.12,43.39,63.55,12.98,43.55
11/28/2019,267.84,171.48,309.06,180.18,1818.51,255.45,67.74,54.48,318.44,200.82,119.51,14.86,1906.45,118.64,100.25,161.51,14.55,113.52,151.48,156.85,100.79,202.00,138.43,116.32,47.20,1312.13,33.15,9.44,37.34,152.32,70.15,315.93,281.28,388.65,319.24,279.66,27.45,77.09,107.75,135.41,341.00,35.11,37.38,42.90,43.18,16.00,291.09,184.37,13.08,20.12,43.39,63.55,12.98,43.59
11/29/2019,267.25,170.78,309.53,180.90,1800.80,254.69,68.05,54.83,316.21,200.00,118.53,14.86,1904.03,117.88,100.01,162.89,14.49,112.81,151.58,157.66,101.01,201.64,138.15,116.24,46.82,1304.09,32.65,9.44,37.43,151.38,70.48,314.66,283.04,386.65,315.32,276.81,27.58,76.60,108.01,135.95,336.75,34.89,37.41,42.15,42.39,16.15,290.17,184.51,12.78,19.82,42.81,63.12,12.94,43.53
12/2/2019,264.16,168.59,302.75,175.63,1781.60,250.70,69.35,54.23,310.72,196.31,117.44,14.72,1884.44,116.39,99.23,161.00,14.30,111.91,150.62,153.80,100.40,199.70,135.74,114.28,46.87,1288.86,32.29,9.42,37.54,149.55,68.42,309.99,277.35,394.85,313.77,269.04,27.44,75.92,106.21,133.45,330.84,34.91,37.14,41.90,42.54,16.12,289.28,181.79,12.85,19.18,43.61,62.56,12.75,43.52
12/3/2019,259.45,167.13,303.91,175.40,1769.96,250.37,68.73,54.59,306.52,194.90,114.80,14.71,1879.98,113.02,98.17,161.57,14.19,111.22,148.58,154.83,101.27,198.82,136.22,114.42,46.30,1294.74,32.03,9.38,37.29,149.31,68.26,306.16,279.01,407.26,317.32,270.43,27.45,75.76,105.59,134.22,350.66,35.10,36.82,41.69,42.28,16.30,289.14,181.90,13.06,19.00,42.93,62.45,12.35,44.78
12/4/2019,261.74,168.57,302.51,176.40,1760.69,252.14,65.83,53.88,309.72,193.74,114.21,14.55,1921.53,112.57,99.25,156.43,14.26,110.87,148.28,156.71,100.63,198.71,135.74,114.79,45.27,1318.94,31.56,9.34,36.39,149.85,67.98,304.32,273.80,403.46,318.29,269.91,27.38,75.02,105.00,135.54,372.00,35.07,37.48,42.29,41.97,16.79,287.72,180.60,12.84,19.08,42.82,62.38,12.47,46.43
12/5/2019,265.58,168.36,303.03,176.63,1740.48,252.99,69.61,54.99,311.19,200.00,116.75,14.82,1904.22,113.31,99.57,158.22,14.14,110.78,147.44,155.98,102.12,199.36,136.93,114.79,47.15,1326.96,32.54,9.41,37.17,149.93,68.13,302.86,273.13,401.22,314.20,268.53,27.09,75.76,104.59,134.85,363.59,35.39,37.49,42.21,42.15,16.90,285.87,181.89,13.14,18.95,43.86,62.58,12.45,46.54
12/6/2019,270.71,169.98,306.23,179.32,1751.60,256.63,70.33,55.21,316.05,201.89,115.85,14.71,1930.27,112.93,101.38,158.01,14.16,110.62,147.66,161.34,103.23,201.05,138.58,114.49,46.18,1339.39,32.93,9.35,37.30,151.75,67.87,307.35,272.04,402.35,309.67,268.79,26.84,75.71,104.34,135.00,364.60,36.01,37.76,42.74,42.87,17.21,286.27,182.17,13.44,18.93,44.17,63.46,12.86,46.11
12/9/2019,266.92,169.07,307.05,178.83,1749.51,255.08,69.94,54.39,314.38,198.74,115.06,14.86,1905.79,113.47,102.21,157.48,14.17,110.33,146.21,160.74,102.03,201.34,136.96,114.75,47.15,1342.99,33.25,9.41,36.15,151.36,67.81,302.50,269.70,415.07,308.04,268.80,26.85,76.09,103.78,134.86,369.79,35.23,37.56,42.55,42.94,17.31,285.35,182.92,13.30,18.87,43.77,63.06,12.71,45.76
12/10/2019,268.48,168.43,304.17,178.46,1739.21,252.57,70.01,55.94,315.06,200.45,114.78,15.02,1904.63,112.39,102.42,156.40,14.14,109.68,146.10,157.88,101.84,200.87,135.53,113.84,48.11,1342.89,33.26,9.48,36.17,151.13,68.25,293.12,266.78,427.14,309.24,265.50,26.75,74.90,103.62,134.70,368.00,35.16,37.42,43.08,43.02,17.02,280.87,182.26,13.76,18.79,42.90,63.05,12.64,45.37
12/11/2019,270.77,167.24,303.74,179.64,1748.72,251.63,72.20,56.48,319.72,204.64,116.37,15.28,1925.88,113.53,101.43,156.39,14.01,109.45,147.59,156.13,103.20,202.26,135.50,114.61,48.79,1344.25,33.24,9.51,35.90,151.70,68.62,298.93,267.30,420.76,310.50,262.07,26.33,73.93,105.51,134.91,373.08,35.67,37.14,43.96,43.44,17.19,279.42,182.01,13.74,18.90,42.91,62.75,12.64,45.89
12/13/2019,275.15,168.26,317.94,179.41,1760.94,253.93,74.54,58.65,315.42,204.91,119.14,15.18,1973.60,113.31,104.37,161.13,13.60,110.35,146.38,157.60,104.55,194.11,138.19,116.75,49.06,1346.87,34.00,9.69,36.09,154.53,71.91,298.50,272.98,411.04,304.00,256.99,26.17,74.63,107.65,138.50,385.57,36.88,37.69,45.84,46.26,17.72,284.70,185.14,13.63,19.53,43.53,63.29,13.47,47.34
12/16/2019,279.86,168.59,323.80,184.37,1769.21,257.94,74.63,58.61,323.13,206.97,123.19,15.07,1995.02,113.18,103.33,161.96,13.58,111.70,148.46,160.75,105.72,197.92,137.01,116.51,49.06,1360.70,34.64,9.73,36.43,155.53,72.31,304.21,281.79,415.64,304.66,259.48,26.48,74.38,109.57,139.39,393.63,37.34,37.18,46.36,46.13,17.89,289.95,186.24,13.85,19.69,44.94,63.57,13.75,48.65
12/17/2019,280.41,168.32,322.85,181.49,1790.66,257.07,78.37,58.26,323.80,208.18,123.84,15.10,2001.87,111.00,104.34,161.63,13.13,111.21,147.73,160.42,105.75,198.39,137.86,116.78,50.27,1354.89,34.69,9.90,36.96,154.69,71.04,315.48,276.14,415.69,304.57,256.51,26.38,73.77,108.46,134.04,387.95,37.80,36.91,47.68,47.64,17.98,291.85,185.52,14.34,19.52,45.35,63.45,13.82,48.81
12/18/2019,279.74,167.56,324.38,183.75,1784.03,254.67,80.95,59.02,327.44,210.00,126.69,15.09,1991.51,112.17,104.18,161.48,13.24,111.27,146.26,159.90,107.08,202.50,137.71,115.89,51.30,1351.91,34.44,9.90,36.56,154.37,71.24,320.80,277.45,406.04,301.62,259.34,26.47,74.06,107.83,133.39,396.94,38.23,36.79,48.43,48.48,18.02,294.50,184.90,14.20,19.61,46.10,63.45,13.70,49.03
12/19/2019,280.02,168.74,327.63,183.78,1792.28,255.75,80.23,59.13,324.10,210.13,128.07,15.07,2003.12,112.68,103.38,163.33,13.33,111.82,146.15,162.97,107.34,206.06,138.08,116.50,51.42,1356.44,34.78,9.96,34.95,155.71,77.35,332.22,278.48,400.08,307.19,261.76,26.75,74.48,108.88,133.08,393.06,38.18,36.44,48.29,48.19,18.08,296.43,186.54,13.91,19.55,46.27,64.05,13.65,49.55
12/20/2019,279.44,171.09,327.61,182.84,1786.50,258.89,79.69,59.22,319.00,212.25,127.49,14.94,2023.26,111.68,103.37,164.55,13.22,111.06,146.88,162.77,107.95,206.30,138.80,116.67,51.17,1351.22,35.31,9.99,35.00,157.41,79.86,336.90,282.63,394.68,305.18,263.54,27.68,74.14,108.75,134.41,390.07,38.45,36.74,48.15,48.13,18.53,299.78,188.00,14.46,19.54,46.25,65.75,13.86,49.28
12/23/2019,284.00,170.02,328.95,182.92,1793.00,255.73,81.99,58.89,319.53,214.83,128.83,14.91,2032.10,111.75,102.93,163.74,13.19,110.16,144.68,164.18,107.79,206.18,138.21,116.33,51.07,1350.63,36.26,9.91,35.17,157.41,80.18,333.10,283.31,395.53,303.37,265.02,27.93,74.58,108.61,133.77,389.13,38.81,36.33,48.46,48.51,18.68,297.41,187.08,14.44,19.36,47.12,65.58,13.85,50.10
12/24/2019,284.27,169.91,329.64,183.91,1789.21,256.49,81.83,58.81,320.50,214.26,128.49,14.91,2044.00,111.58,102.95,163.25,13.16,110.67,145.29,164.41,108.55,205.12,137.88,116.63,51.28,1344.43,36.28,10.09,35.32,157.38,80.94,333.20,284.20,395.40,300.87,264.64,27.78,74.43,108.69,133.60,399.39,38.58,36.32,48.34,48.38,18.63,298.39,187.57,14.61,19.35,47.21,65.85,13.85,50.07
12/26/2019,289.91,170.35,331.20,184.24,1868.77,258.33,82.53,58.89,317.98,216.38,127.58,14.80,2064.32,112.07,103.48,164.51,13.11,111.26,145.70,164.66,108.51,207.79,138.70,116.03,51.15,1362.47,36.24,10.24,35.32,158.67,82.51,332.63,286.20,397.18,306.28,268.72,27.37,75.61,109.75,134.58,408.75,38.67,36.26,48.81,48.38,19.21,300.44,189.16,14.59,19.41,47.77,66.50,13.90,50.14
12/27/2019,289.80,170.77,330.79,185.38,1869.80,258.68,81.50,59.19,316.53,215.47,126.45,14.75,2072.54,111.80,103.00,164.98,13.42,110.79,145.75,164.91,108.43,208.10,139.75,117.08,51.70,1354.64,35.93,10.24,34.51,158.96,84.03,329.09,286.88,400.40,306.11,268.89,27.06,75.78,109.40,134.98,408.00,37.78,36.29,49.24,49.31,19.06,300.57,189.39,14.52,19.62,47.07,66.35,14.11,50.80
12/30/2019,291.52,169.59,328.34,183.30,1846.89,256.80,81.36,58.88,313.46,212.91,126.29,14.74,2053.87,111.68,102.64,162.44,13.10,110.36,143.77,165.45,106.93,204.41,138.60,115.47,51.35,1339.71,35.40,10.19,34.04,157.59,82.98,323.31,282.81,404.04,303.59,262.42,26.77,75.29,107.97,133.39,396.36,37.19,36.05,48.62,49.21,19.28,298.36,187.83,14.47,19.34,46.34,66.21,14.02,50.64
12/31/2019,293.65,170.50,329.81,183.46,1847.84,257.41,80.01,59.42,316.02,212.10,126.40,14.84,2053.73,110.96,102.91,162.64,13.21,110.90,144.63,164.50,107.51,205.25,139.09,115.63,51.58,1339.39,35.23,10.15,33.50,157.70,82.11,323.57,282.32,404.52,306.64,264.76,26.44,74.89,108.17,133.99,397.58,39.93,36.01,48.01,48.22,19.11,300.02,187.90,14.17,19.33,46.35,66.15,14.12,50.75
